{"dropout": 0.5, "learning_rate": 0.028112010114336904, "weight_decay": 0.00021589254050308096}