{"dropout": 0.4, "learning_rate": 0.013906068040512625, "weight_decay": 0.0005854468540592184}