dataset,model,iteration,train_score,val_score,test_score,time,best_iter
concrete,ebm,8,12.651710261670956,21.597952861780378,23.580079238121925,4.041194677352905,0
