{"dropout": 0.0, "learning_rate": 0.06614937459069242, "weight_decay": 0.0006247267516414127}