{"dropout": 0.2, "learning_rate": 0.007429080757085697, "weight_decay": 0.00046976928791170504}