dataset,model,iteration,train_score,val_score,test_score,time
lpmc,nam,0,0.6492421947184505,0.6614599459689667,0.6763029985315485,15.862276554107666
