{"dropout": 0.0, "learning_rate": 0.056855512529899066, "weight_decay": 0.00045986296301256965}