dataset,model,iteration,train_score,val_score,test_score,time
power,nbm,3,18.84125861645403,19.890779007723445,19.20404692643315,0.5307731628417969
