{"dropout": 0.0, "learning_rate": 0.07698802452556526, "weight_decay": 0.00039450897855465073}