dataset,model,iteration,train_score,val_score,test_score,time,best_iter
concrete,aplr,1,26.054328752702958,29.734112420549952,32.711299858975515,7.784250736236572,0
