{"dropout": 0.0, "learning_rate": 0.015701060638803756, "weight_decay": 0.00042574914314860945}