dataset,model,iteration,train_score,val_score,test_score,time
housing,nbm,2,16.416905823437617,30.85423053115046,13.628370558500055,0.3119852542877197
