dataset,model,iteration,train_score,val_score,test_score,time,best_iter
protein,paramb,0,24.449296845639235,24.20603726251605,24.73465910078909,18.470513105392456,24995
