dataset,model,iteration,train_score,val_score,test_score,time,best_iter
protein,paramb,0,25.13863349951628,24.945600581267502,25.41808115876146,13.531912803649902,24694
