dataset,model,iteration,train_score,val_score,test_score,time,best_iter
concrete,aplr,7,29.128939329095214,26.804138331537526,37.12303759906344,9.295836448669434,0
