{"dropout": 0.0, "learning_rate": 0.0009998988964081887, "weight_decay": 0.0007093334794708527}