dataset,model,iteration,train_score,val_score,test_score,time,best_iter
energy,aplr,4,0.8929458303102378,0.5033590169840588,1.2479373787799224,1.1273925304412842,0
