{"dropout": 0.5, "learning_rate": 0.06050191042129188, "weight_decay": 0.000760251123489459}