dataset,model,iteration,train_score,val_score,test_score,time,best_iter
concrete,ebm,1,16.235551212405397,27.061379937502,27.230065726026016,2.385594129562378,0
