{"dropout": 0.3, "learning_rate": 0.07873682882012113, "weight_decay": 0.0009784984222347586}