dataset,model,iteration,train_score,val_score,test_score,time
concrete,nam,5,47.4711668962196,55.62733554337699,59.949322624267566,0.3605325222015381
