dataset,model,iteration,train_score,val_score,test_score,time,best_iter
housing,paramb,5,8.040726902859426,10.474759009993495,17.844961519403284,4.200138330459595,988
