dataset,model,iteration,train_score,val_score,test_score,time,best_iter
housing,paramb,5,8.263010918733276,10.187389688679895,17.503948292153115,3.256279230117798,1017
