dataset,model,iteration,train_score,val_score,test_score,time,best_iter
housing,paramb,5,12.365526124407534,9.083213014189988,13.19608208580268,4.412655353546143,1121
