dataset,model,iteration,train_score,val_score,test_score,time,best_iter
housing,paramb,5,11.349567473634382,10.504836285464256,17.344087385036694,4.41870641708374,402
