dataset,model,iteration,train_score,val_score,test_score,time,best_iter
housing,paramb,5,13.448257180868914,9.594320929180894,12.946722311957123,4.41193413734436,1587
