dataset,model,iteration,train_score,val_score,test_score,time,best_iter
housing,paramb,5,11.587110150529464,8.497214506689884,13.50780081883694,4.201877117156982,2286
