dataset,model,iteration,train_score,val_score,test_score,time,best_iter
housing,paramb,5,10.492423638721998,10.421463692780934,17.767972185807174,4.204622268676758,783
