dataset,model,iteration,train_score,val_score,test_score,time,best_iter
housing,paramb,5,10.898249709491026,9.135761908452524,17.890551980232644,3.257042646408081,869
