dataset,model,iteration,train_score,val_score,test_score,time,best_iter
housing,paramb,5,10.735868928871863,10.014428292500128,12.870557153371905,2.6767091751098633,939
