dataset,model,iteration,train_score,val_score,test_score,time,best_iter
housing,paramb,5,9.456950504316708,10.912300406344553,16.38602041728692,0.9838204383850098,156
