dataset,model,iteration,train_score,val_score,test_score,time,best_iter
power,paramb,6,17.27539767795277,18.470664254365822,17.176497163905612,5.383033275604248,25000
