dataset,model,iteration,train_score,val_score,test_score,time,best_iter
power,paramb,6,16.82860802109717,18.532799467353584,16.92412466054237,5.346113443374634,25000
