dataset,model,iteration,train_score,val_score,test_score,time,best_iter
power,paramb,6,16.95279641438926,18.39258963924834,16.844485655331702,5.334790945053101,24948
