dataset,model,iteration,train_score,val_score,test_score,time,best_iter
power,paramb,6,16.954159146476247,18.64979542551901,17.040722303137848,4.109006404876709,24950
