dataset,model,iteration,train_score,val_score,test_score,time,best_iter
power,paramb,6,18.32122739877639,20.032142825746302,18.299398405013417,3.0745849609375,2138
