dataset,model,iteration,train_score,val_score,test_score,time,best_iter
power,paramb,6,17.38385636171848,18.54362366718646,17.178370053666907,5.370500087738037,24976
