dataset,model,iteration,train_score,val_score,test_score,time,best_iter
power,paramb,6,17.278386730357433,18.481714894955953,17.194936952426417,5.366573810577393,24976
