dataset,model,iteration,train_score,val_score,test_score,time,best_iter
power,paramb,6,14.732252488973149,16.484559857376418,15.295891484571413,4.785073757171631,12868
