dataset,model,iteration,train_score,val_score,test_score,time,best_iter
power,paramb,6,17.011127979544042,18.38118391811133,16.947107775184296,4.102504253387451,24996
