{"dropout": 0.3, "learning_rate": 0.0019124846710796828, "weight_decay": 5.007358152173858e-05}