dataset,model,iteration,train_score,val_score,test_score,time,best_iter
power,aplr,2,17.638270617401894,16.034399043706138,16.706289156746845,13.603282451629639,0
