dataset,model,iteration,train_score,val_score,test_score,time,best_iter
concrete,paramb,6,32.64185296814383,35.3217250372412,37.25514522040949,4.343483924865723,24962
