dataset,model,iteration,train_score,val_score,test_score,time,best_iter
concrete,paramb,6,28.77198547688124,34.82005327423508,31.823225229272772,3.3167848587036133,24934
