dataset,model,iteration,train_score,val_score,test_score,time,best_iter
concrete,paramb,6,24.007903364740496,27.962784147659345,28.198861727891305,3.378812789916992,24786
