dataset,model,iteration,train_score,val_score,test_score,time,best_iter
concrete,paramb,6,22.520253665917693,25.68466880807857,25.766817364654695,4.33833122253418,23449
