dataset,model,iteration,train_score,val_score,test_score,time,best_iter
concrete,paramb,6,30.78032546481287,34.441952251224656,34.73557389097973,4.34715461730957,24991
