dataset,model,iteration,train_score,val_score,test_score,time,best_iter
concrete,paramb,6,26.778139152694827,33.150200758536165,29.319707075648427,4.268027305603027,24878
