dataset,model,iteration,train_score,val_score,test_score,time,best_iter
concrete,paramb,6,16.09594946225881,23.40917558556478,22.78819936570745,2.5917673110961914,6992
