dataset,model,iteration,train_score,val_score,test_score,time,best_iter
concrete,paramb,6,31.368389020869444,35.877345790400746,35.37841669797545,4.275290489196777,24959
