dataset,model,iteration,train_score,val_score,test_score,time,best_iter
concrete,paramb,6,28.81441985313685,30.10749761266387,31.244555444188997,3.0689547061920166,18722
