dataset,model,iteration,train_score,val_score,test_score,time,best_iter
cover,paramb,0,0.5827149162732282,0.5868300252406337,0.5862246098706586,299.0382957458496,24989
