dataset,model,iteration,train_score,val_score,test_score,time,best_iter
cover,paramb,0,0.6014695009487375,0.6045455872945975,0.6037470286517649,203.13529896736145,24970
