dataset,model,iteration,train_score,val_score,test_score,time,best_iter
cover,paramb,0,0.5864843047723446,0.5890862823775944,0.5890969483118839,296.8047661781311,25000
