dataset,model,iteration,train_score,val_score,test_score,time,best_iter
cover,paramb,0,0.58826906705508,0.5902856806791145,0.5906756315507574,427.4995849132538,24998
