dataset,model,iteration,train_score,val_score,test_score,time,best_iter
cover,paramb,0,0.582724858109853,0.5852388783322662,0.585550809419599,494.2154622077942,24998
