dataset,model,iteration,train_score,val_score,test_score,time,best_iter
cover,paramb,0,0.58715360154227,0.5890206411905555,0.5895820210371527,494.65313363075256,24993
