dataset,model,iteration,train_score,val_score,test_score,time,best_iter
cover,paramb,0,0.583656257156795,0.5862974309335478,0.5865041647652303,422.93613386154175,24999
