dataset,model,iteration,train_score,val_score,test_score,time,best_iter
cover,paramb,0,0.5926341836629433,0.593977522360822,0.5945845030496547,494.67779636383057,24997
