dataset,model,iteration,train_score,val_score,test_score,time,best_iter
cover,paramb,0,0.5724157793909812,0.578999663257046,0.5793398098267589,1078.350734949112,10038
