{"dropout": 0.5, "learning_rate": 0.06227383926686112, "weight_decay": 0.0008492811706197005}