dataset,model,iteration,train_score,val_score,test_score,time
concrete,nam,7,55.515951661997185,36.681248705135424,55.59222671980529,0.26886940002441406
