dataset,model,iteration,train_score,val_score,test_score,time,best_iter
concrete,paramb,7,15.491921456971792,16.013377792210207,30.56823998329159,2.335813045501709,5902
