dataset,model,iteration,train_score,val_score,test_score,time,best_iter
concrete,paramb,7,31.169670532290795,28.317458077122197,35.07853977076421,4.273930549621582,24968
