dataset,model,iteration,train_score,val_score,test_score,time,best_iter
concrete,paramb,7,21.94038808926429,21.007042504048727,33.343530719554764,3.3088417053222656,24999
