dataset,model,iteration,train_score,val_score,test_score,time,best_iter
concrete,paramb,7,31.98161769176919,29.462056167885276,36.57691388013321,4.348736763000488,24960
