dataset,model,iteration,train_score,val_score,test_score,time,best_iter
concrete,paramb,7,30.218131748905126,27.50766842707517,34.937279143224444,4.349971771240234,24983
