dataset,model,iteration,train_score,val_score,test_score,time,best_iter
concrete,paramb,7,29.504556415919296,28.346115260025787,36.0267903343544,2.925262689590454,4965
