dataset,model,iteration,train_score,val_score,test_score,time,best_iter
concrete,paramb,7,25.899711447112935,23.254088998266486,31.035442080106947,4.33905816078186,24336
