dataset,model,iteration,train_score,val_score,test_score,time,best_iter
concrete,paramb,7,26.33809196193015,23.617764555720466,31.45857745656478,4.265460252761841,24796
