dataset,model,iteration,train_score,val_score,test_score,time,best_iter
concrete,paramb,7,21.947038527572474,21.151982884603672,32.362851944027184,4.266360759735107,11884
