{"dropout": 0.3, "learning_rate": 0.032478324930325965, "weight_decay": 0.0008703406632562332}