dataset,model,iteration,train_score,val_score,test_score,time
concrete,nbm,0,38.47239204795932,41.34527625998545,47.121003521448976,0.41647815704345703
