dataset,model,iteration,train_score,val_score,test_score,time,best_iter
power,paramb,9,16.70466540147171,17.48900118482057,17.90304745890249,5.3467116355896,24966
