dataset,model,iteration,train_score,val_score,test_score,time,best_iter
power,paramb,9,14.344187283006574,16.438085557527984,16.541876561706644,4.6460044384002686,12236
