dataset,model,iteration,train_score,val_score,test_score,time,best_iter
power,paramb,9,17.087855882079804,17.78549829670033,18.067447911441278,5.355395317077637,24956
