dataset,model,iteration,train_score,val_score,test_score,time,best_iter
power,paramb,9,16.738925548658116,17.5668782333918,17.880749201018524,5.361292839050293,24389
