dataset,model,iteration,train_score,val_score,test_score,time,best_iter
power,paramb,9,16.697818268555743,17.994292362868133,18.14588367488056,5.339730501174927,24989
