dataset,model,iteration,train_score,val_score,test_score,time,best_iter
power,paramb,9,17.21822842147075,17.939102289635755,18.212782701793575,5.3837361335754395,24893
