dataset,model,iteration,train_score,val_score,test_score,time,best_iter
power,paramb,9,16.850828573548952,18.242486346347246,18.264950849239828,4.106834888458252,24999
