dataset,model,iteration,train_score,val_score,test_score,time,best_iter
power,paramb,9,17.09553276420297,17.883251564310072,18.069362819655456,5.367469072341919,24992
