dataset,model,iteration,train_score,val_score,test_score,time,best_iter
power,paramb,7,16.91479312623328,17.414346569666858,17.955228262866488,4.112192630767822,24997
