dataset,model,iteration,train_score,val_score,test_score,time,best_iter
power,paramb,7,16.876086177287746,17.064153975284015,17.78304458209333,5.334903001785278,24907
