dataset,model,iteration,train_score,val_score,test_score,time,best_iter
power,paramb,7,18.188362175443494,18.148060662629167,18.765301223335424,2.9482641220092773,8756
