dataset,model,iteration,train_score,val_score,test_score,time,best_iter
power,paramb,7,17.22055176413749,17.237207114236877,18.122246619359412,5.351292371749878,24989
