dataset,model,iteration,train_score,val_score,test_score,time,best_iter
power,paramb,7,17.202669233232946,17.249145290435138,18.082425048992537,5.382005453109741,24999
