dataset,model,iteration,train_score,val_score,test_score,time,best_iter
power,paramb,7,14.619649631842345,15.813697586620956,15.789977966945786,3.862755060195923,10307
