dataset,model,iteration,train_score,val_score,test_score,time,best_iter
power,paramb,7,16.824189763679247,17.23738469614207,17.85350139897117,5.358330011367798,24999
