dataset,model,iteration,train_score,val_score,test_score,time,best_iter
power,paramb,7,16.88554618616688,17.048215838593716,17.81906568608212,5.364827871322632,24964
