dataset,model,iteration,train_score,val_score,test_score,time,best_iter
power,paramb,7,16.91935839786185,17.161226110602655,17.83107967085172,4.1083762645721436,23754
