dataset,model,iteration,train_score,val_score,test_score,time,best_iter
power,paramb,7,17.30974863870472,17.42937381976842,18.113175683340266,5.372486114501953,18395
