dataset,model,iteration,train_score,val_score,test_score,time
energy,linear_model,7,8.17274420402558,7.358371963655247,11.109946108735514,0.0010366439819335938
