dataset,model,iteration,train_score,val_score,test_score,time
energy,pymgcv,5,8.157720567432962,10.946529782109177,8.715169790991936,0.013124227523803711
