dataset,model,iteration,train_score,val_score,test_score,time
concrete,linear_model,1,108.59581341402256,82.07167812981604,116.24961426647722,0.002024412155151367
