dataset,model,iteration,train_score,val_score,test_score,time,best_iter
housing,paramb,2,10.82091336854502,21.673283939927636,7.5792743116599315,1.4372951984405518,118
