dataset,model,iteration,train_score,val_score,test_score,time,best_iter
housing,paramb,2,11.162901514516198,20.48371069567376,9.002347869541834,4.415674686431885,24998
