dataset,model,iteration,train_score,val_score,test_score,time,best_iter
housing,paramb,2,7.138607037660754,14.48613996851302,8.410341655599396,3.3107047080993652,9638
