dataset,model,iteration,train_score,val_score,test_score,time,best_iter
housing,paramb,2,10.984755674324365,18.197992828362153,8.170589627199918,4.199082374572754,8803
