dataset,model,iteration,train_score,val_score,test_score,time,best_iter
housing,paramb,2,8.20756913469882,16.615017914538623,7.922043978499292,4.4227142333984375,24068
