dataset,model,iteration,train_score,val_score,test_score,time,best_iter
housing,paramb,2,9.9873919660651,17.621051200916785,9.82378418210082,4.422586917877197,25000
