dataset,model,iteration,train_score,val_score,test_score,time,best_iter
housing,paramb,2,8.791350623793043,20.81818128041972,9.43656085514683,3.2397427558898926,5292
