dataset,model,iteration,train_score,val_score,test_score,time,best_iter
housing,paramb,2,8.366641747611705,16.547215906036193,7.433725309444822,4.200589895248413,24762
