dataset,model,iteration,train_score,val_score,test_score,time,best_iter
housing,paramb,2,9.607384315926808,16.46880750493768,7.666918852645869,3.2596895694732666,14534
