dataset,model,iteration,train_score,val_score,test_score,time,best_iter
housing,paramb,2,6.532413969433981,15.064201556423697,8.33352098793847,4.26341986656189,16153
