{"dropout": 0.4, "learning_rate": 0.01378343187403311, "weight_decay": 0.0005903500408293483}