dataset,model,iteration,train_score,val_score,test_score,time
concrete,pymgcv,4,105.62936143976403,129.67175165976118,104.70803541976893,0.016434431076049805
