dataset,model,iteration,train_score,val_score,test_score,time,best_iter
energy,paramb,2,1.0085491094173655,1.9578873475269292,0.910832662956519,4.273519277572632,24992
