dataset,model,iteration,train_score,val_score,test_score,time,best_iter
energy,paramb,2,0.947558177243739,1.8804522578184517,0.8943138060663832,3.3927254676818848,5472
