dataset,model,iteration,train_score,val_score,test_score,time,best_iter
energy,paramb,2,3.0565141846040524,3.734918944291747,2.923016192127287,4.253728628158569,24999
