dataset,model,iteration,train_score,val_score,test_score,time,best_iter
energy,paramb,2,1.0129277925112623,1.979602121056991,0.9113271055219856,4.2423999309539795,24999
