dataset,model,iteration,train_score,val_score,test_score,time,best_iter
energy,paramb,2,2.2358401273805026,2.915755406956684,2.0908343329669714,4.2644946575164795,24983
