dataset,model,iteration,train_score,val_score,test_score,time,best_iter
energy,paramb,2,3.7296884789951807,3.3380674894008155,3.2814898945342765,3.3175015449523926,25000
