dataset,model,iteration,train_score,val_score,test_score,time,best_iter
energy,paramb,2,2.4773391672842187,3.1167595413507097,2.353620070704512,4.281231164932251,24999
