dataset,model,iteration,train_score,val_score,test_score,time,best_iter
energy,paramb,2,0.9974833305215071,1.8392879391357446,0.9605464226551252,4.353516340255737,729
