dataset,model,iteration,train_score,val_score,test_score,time,best_iter
energy,paramb,2,0.9855362331046813,1.8319801576765973,0.9465393939653727,0.4509243965148926,797
