dataset,model,iteration,train_score,val_score,test_score,time,best_iter
energy,paramb,2,2.065476886541322,2.616127118227691,2.1903036939369724,2.7012763023376465,475
