dataset,model,iteration,train_score,val_score,test_score,time,best_iter
energy,paramb,0,3.1167335011151565,3.9413362803538043,2.6756860980803863,6.180824279785156,25000
