dataset,model,iteration,train_score,val_score,test_score,time,best_iter
energy,paramb,0,2.0610105916325345,2.5998558362495108,1.923074962665117,6.155127286911011,25000
