dataset,model,iteration,train_score,val_score,test_score,time,best_iter
energy,paramb,0,2.4147622272127705,3.011211575642005,2.2089028249199743,6.0868611335754395,24999
