dataset,model,iteration,train_score,val_score,test_score,time,best_iter
energy,paramb,0,1.0125113066246525,0.9348608308688655,1.1423510077268282,5.290382623672485,3933
