dataset,model,iteration,train_score,val_score,test_score,time,best_iter
energy,paramb,0,1.9710567712579161,1.5523808287958698,2.00818458588333,6.921556234359741,1297
