dataset,model,iteration,train_score,val_score,test_score,time,best_iter
power,ebm,3,9.972910996871754,13.897020291045179,12.899917437628876,6.11033034324646,0
