dataset,model,iteration,train_score,val_score,test_score,time
energy,linear_model,8,9.373459030620333,7.613227715456578,6.532110608965055,0.001996278762817383
