dataset,model,iteration,train_score,val_score,test_score,time
concrete,linear_model,6,106.99616709984961,96.20956370212652,115.9533720062781,0.0010404586791992188
