{"dropout": 0.0, "learning_rate": 0.06882909354603932, "weight_decay": 0.0008386016012388443}