dataset,model,iteration,train_score,val_score,test_score,time,best_iter
concrete,paramb,9,31.23449306057564,29.47443456319582,33.57187936288789,3.316931962966919,23739
