dataset,model,iteration,train_score,val_score,test_score,time,best_iter
concrete,paramb,9,24.105062554573813,26.950680009744012,37.33737944695306,3.377061605453491,19841
