dataset,model,iteration,train_score,val_score,test_score,time,best_iter
concrete,paramb,9,26.842988649945404,28.835517146534965,33.12320102170135,4.3432793617248535,2006
