dataset,model,iteration,train_score,val_score,test_score,time,best_iter
concrete,paramb,9,28.39355079043083,29.665334278583593,32.744916982043456,2.852224826812744,24593
