dataset,model,iteration,train_score,val_score,test_score,time,best_iter
concrete,paramb,9,27.092803176105686,35.03787351540067,30.210918800803142,4.27020525932312,24970
