dataset,model,iteration,train_score,val_score,test_score,time,best_iter
concrete,paramb,9,26.74260785440878,53.09034843110718,30.41441579518432,4.340451240539551,24990
