dataset,model,iteration,train_score,val_score,test_score,time,best_iter
concrete,paramb,9,54.94452899851762,68.30153863963405,55.590309861587194,4.3604371547698975,296
