dataset,model,iteration,train_score,val_score,test_score,time,best_iter
concrete,paramb,9,17.43164685593388,23.206186001343944,26.913704993026276,1.5803234577178955,3723
