dataset,model,iteration,train_score,val_score,test_score,time,best_iter
concrete,paramb,9,40.09922694937198,53.12423980643581,40.635694402243814,4.275148153305054,1832
