dataset,model,iteration,train_score,val_score,test_score,time,best_iter
concrete,paramb,9,52.94814215224605,66.97128502706389,56.095582292692534,4.348256826400757,343
