{"dropout": 0.4, "learning_rate": 0.03447072067312105, "weight_decay": 0.0009567030423446077}