dataset,model,iteration,train_score,val_score,test_score,time
energy,nbm,8,14.759595175389805,6.549815584095421,9.331693743449772,0.35680675506591797
