{"dropout": 0.1, "learning_rate": 0.08972047279745968, "weight_decay": 0.00038827393654737027}