dataset,model,iteration,train_score,val_score,test_score,time
concrete,nam,9,49.730068419154286,45.62875381507278,47.06090815759651,0.2770802974700928
