dataset,model,iteration,train_score,val_score,test_score,time
concrete,pymgcv,5,100.52835896159125,119.59376853982207,127.23505236908181,0.016423463821411133
