dataset,model,iteration,train_score,val_score,test_score,time
concrete,linear_model,3,104.12409906925762,96.13452095276233,124.97030552267418,0.0010287761688232422
