dataset,model,iteration,train_score,val_score,test_score,time,best_iter
concrete,paramb,4,33.87899354515403,47.009177942396484,27.866261784233316,4.343800783157349,24990
