dataset,model,iteration,train_score,val_score,test_score,time,best_iter
concrete,paramb,4,31.55611677157066,46.146777002667434,26.765194680611053,4.34342885017395,25000
