dataset,model,iteration,train_score,val_score,test_score,time,best_iter
concrete,paramb,4,28.24939926311158,48.16997258055806,24.82172354786482,3.0519862174987793,13605
