dataset,model,iteration,train_score,val_score,test_score,time,best_iter
concrete,paramb,4,25.58498630998177,45.873441544059894,24.30106467691099,1.0810954570770264,705
