dataset,model,iteration,train_score,val_score,test_score,time,best_iter
concrete,paramb,4,26.124501597051395,42.25784913270451,23.420386667596468,4.345404863357544,24306
