dataset,model,iteration,train_score,val_score,test_score,time,best_iter
concrete,paramb,4,31.82764491371007,44.03396627157367,25.944677028489828,4.275368928909302,24988
