dataset,model,iteration,train_score,val_score,test_score,time,best_iter
concrete,paramb,4,29.86680341219329,48.291623046660966,26.267317361134396,3.315169334411621,24483
