dataset,model,iteration,train_score,val_score,test_score,time,best_iter
concrete,paramb,4,21.993025286481842,37.34480002293135,23.415451938882306,4.344058036804199,24973
