dataset,model,iteration,train_score,val_score,test_score,time,best_iter
concrete,paramb,4,23.939683484425917,40.19722639833984,25.03162781973578,3.3799233436584473,24763
