dataset,model,iteration,train_score,val_score,test_score,time,best_iter
concrete,paramb,4,26.50956229639673,41.70485255904767,22.915263349963755,4.270627737045288,24999
