{"dropout": 0.0, "learning_rate": 0.04694773989545473, "weight_decay": 0.0006936436247259515}