{"dropout": 0.5, "learning_rate": 0.004691254437016323, "weight_decay": 0.0006763336314977106}