dataset,model,iteration,train_score,val_score,test_score,time
concrete,nam,3,46.32874989770734,39.144702600388854,62.085557583744134,0.6649301052093506
