dataset,model,iteration,train_score,val_score,test_score,time,best_iter
energy,aplr,2,0.8695712722052997,1.4465851964389616,0.8218734319601029,1.0593960285186768,0
