{"dropout": 0.2, "learning_rate": 0.0019042342132547926, "weight_decay": 0.000611424544241602}