dataset,model,iteration,train_score,val_score,test_score,time
fraud,nam,0,0.0020272637481478896,0.001955797813172864,0.0026469781877447485,67.62981796264648
