{"dropout": 0.0, "learning_rate": 0.06745069346694423, "weight_decay": 4.609859994245744e-06}