dataset,model,iteration,train_score,val_score,test_score,time,best_iter
energy,ebm,0,1.0175614250051055,0.9119527993349716,1.1467585437281245,0.34602999687194824,0
