dataset,model,iteration,train_score,val_score,test_score,time
concrete,pymgcv,9,110.40424451555278,102.58752453943247,100.54846598223308,0.016466617584228516
