dataset,model,iteration,train_score,val_score,test_score,time,best_iter
diabetes,paramb,0,0.3797946939136448,0.3867993522645459,0.3843644971408358,299.98298931121826,24997
