dataset,model,iteration,train_score,val_score,test_score,time,best_iter
diabetes,paramb,0,0.37633496084986084,0.38519982687262855,0.3824975685883293,158.9161262512207,6144
