dataset,model,iteration,train_score,val_score,test_score,time,best_iter
diabetes,paramb,0,0.3842348974457942,0.38915891976123484,0.38759447179112144,221.38087368011475,24949
