dataset,model,iteration,train_score,val_score,test_score,time,best_iter
diabetes,paramb,0,0.3859420248086745,0.3911562271042447,0.38948920983852575,299.84147024154663,24998
