dataset,model,iteration,train_score,val_score,test_score,time,best_iter
diabetes,paramb,0,0.3841038958948175,0.3893714747792924,0.38774737001511905,300.1165060997009,24981
