dataset,model,iteration,train_score,val_score,test_score,time,best_iter
diabetes,paramb,0,0.3747039836097453,0.38504104410968665,0.3820929612195481,223.33821940422058,9598
