dataset,model,iteration,train_score,val_score,test_score,time,best_iter
diabetes,paramb,0,0.3794989776725357,0.38641456393320617,0.3844312249687375,109.90292644500732,3991
