dataset,model,iteration,train_score,val_score,test_score,time,best_iter
diabetes,paramb,0,0.37147270415873734,0.3822492848881828,0.3797088082577119,207.9324815273285,4427
