dataset,model,iteration,train_score,val_score,test_score,time,best_iter
diabetes,paramb,0,0.3799805247982526,0.3870098826541445,0.3843637768527052,221.31579041481018,24981
