{"dropout": 0.4, "learning_rate": 0.03695978883243671, "weight_decay": 0.0005665262930813429}