{"dropout": 0.3, "learning_rate": 0.024068923961391608, "weight_decay": 0.0004945214247331737}