{"dropout": 0.1, "learning_rate": 0.03967763220047756, "weight_decay": 0.0002507802330183195}