{"dropout": 0.0, "learning_rate": 0.05211383055041764, "weight_decay": 8.573964103219183e-05}