dataset,model,iteration,train_score,val_score,test_score,time
concrete,nbm,6,60.4868048781814,58.80695615885895,56.720725322198334,0.32326269149780273
