dataset,model,iteration,train_score,val_score,test_score,time,best_iter
power,aplr,4,17.083680081013064,16.329770903990674,18.22892496975101,24.0213520526886,0
