{"dropout": 0.4, "learning_rate": 0.03769727783810803, "weight_decay": 0.0002881612445286611}