dataset,model,iteration,train_score,val_score,test_score,time
concrete,pymgcv,0,104.71927821536642,107.7629417682754,116.90056943207775,0.020105600357055664
