,train_score,val_score,test_score,time,best_iter
ParamB-$O^3-C^2$-monotonic,0.658540165323171,0.6536884118619061,0.6792434114038869,22.997750520706177,2901
