,train_score,val_score,test_score,time,best_iter
ParamB-$O^3-C^2$-convex,0.6538932488234945,0.6508312497704808,0.6756746248826376,155.16520357131958,24945
