,train_score,val_score,test_score,time,best_iter
ParamB-$O^3-C^2$,0.6521211476297303,0.6487466927275393,0.6749275284792537,57.46865272521973,8597
