,train_score,val_score,test_score,time,best_iter
ParamB-$O^3-C^2$-Class_spe,0.651994302590331,0.6493021452450553,0.6744266617498341,140.16829824447632,22973
