,train_score,val_score,test_score,time,best_iter
ParamB-$O^3-C^{-1}$,0.6341382652513605,0.6497185227015353,0.6733550651365441,28.05385947227478,1519
