{"dropout": 0.2, "learning_rate": 0.047404012125034804, "weight_decay": 0.0007415293972814792}