dataset,model,iteration,train_score,val_score,test_score,time,best_iter
msd,paramb,0,84.36566162109375,86.72830200195312,85.3729019165039,324.02916526794434,24995
