dataset,model,iteration,train_score,val_score,test_score,time,best_iter
msd,paramb,0,84.23267364501953,86.68869018554688,85.25811767578125,487.987416267395,25000
