dataset,model,iteration,train_score,val_score,test_score,time,best_iter
msd,paramb,0,84.22567749023438,86.82945251464844,86.39839172363281,634.9596202373505,24990
