dataset,model,iteration,train_score,val_score,test_score,time,best_iter
msd,paramb,0,83.46240997314453,86.69740295410156,85.39482879638672,611.7575991153717,11022
