dataset,model,iteration,train_score,val_score,test_score,time,best_iter
msd,paramb,0,85.29879760742188,87.64940643310547,86.03889465332031,485.69860792160034,25000
