dataset,model,iteration,train_score,val_score,test_score,time,best_iter
msd,paramb,0,84.23988342285156,86.65620422363281,85.2364501953125,485.76539945602417,25000
