dataset,model,iteration,train_score,val_score,test_score,time,best_iter
concrete,aplr,2,28.729462147863504,40.02208885743603,34.83950585283111,6.151104927062988,0
