dataset,model,iteration,train_score,val_score,test_score,time
housing,linear_model,5,24.452002392596825,17.165356767824342,16.575070579446972,0.0010042190551757812
