{"dropout": 0.4, "learning_rate": 0.010841346389550947, "weight_decay": 6.202638247318685e-05}