{"dropout": 0.5, "learning_rate": 0.0015529106654895905, "weight_decay": 3.231654503612776e-05}