dataset,model,iteration,train_score,val_score,test_score,time,best_iter
msd,ebm,0,83.62034781499068,86.64686901790782,85.27425210104838,66.34337067604065,0
