{"dropout": 0.2, "learning_rate": 0.019704985123354286, "weight_decay": 0.0006677917164242831}