dataset,model,iteration,train_score,val_score,test_score,time
concrete,pymgcv,1,108.29022951851238,86.70401199966733,116.09296795617696,0.01652216911315918
