{"dropout": 0.0, "learning_rate": 0.06552310411412597, "weight_decay": 0.0003904153817326852}