dataset,model,iteration,train_score,val_score,test_score,time
power,nbm,2,19.189716218718665,17.757298333176713,18.14999742461143,1.4354181289672852
