dataset,model,iteration,train_score,val_score,test_score,time,best_iter
power,paramb,3,17.146490043447702,18.636468548871846,17.473306899037535,5.370424509048462,24999
