dataset,model,iteration,train_score,val_score,test_score,time,best_iter
power,paramb,3,17.140625654200665,18.647735148135038,17.497326685734183,5.378010988235474,24997
