dataset,model,iteration,train_score,val_score,test_score,time,best_iter
power,paramb,3,14.426600619362693,16.891914209149736,15.627691532917407,3.57759690284729,9065
