dataset,model,iteration,train_score,val_score,test_score,time,best_iter
power,paramb,3,16.837340796298037,18.73218714973311,17.56342005057517,4.107075452804565,24997
