dataset,model,iteration,train_score,val_score,test_score,time,best_iter
power,paramb,3,18.145902039921992,19.555073785691167,18.82362659902252,3.0637457370758057,3260
