dataset,model,iteration,train_score,val_score,test_score,time,best_iter
power,paramb,3,16.71070672940077,18.48460763481597,17.456788777203947,5.349518775939941,24999
