dataset,model,iteration,train_score,val_score,test_score,time,best_iter
power,paramb,3,17.266121863372312,18.72945310291577,17.51691477534294,5.371603012084961,25000
