dataset,model,iteration,train_score,val_score,test_score,time,best_iter
power,paramb,3,16.7856878274966,18.36915287979329,17.225324577028267,5.339800119400024,24793
