dataset,model,iteration,train_score,val_score,test_score,time,best_iter
power,paramb,3,16.850473857597194,18.560229887341816,17.2046656590741,4.110292673110962,24284
