dataset,model,iteration,train_score,val_score,test_score,time,best_iter
housing,ebm,5,12.455158555206978,7.430447246357102,11.720581202400975,0.1291511058807373,0
