{"dropout": 0.2, "learning_rate": 0.08969790682487712, "weight_decay": 9.943512766257684e-05}