dataset,model,iteration,train_score,val_score,test_score,time,best_iter
housing,paramb,7,6.829710009021088,10.495756510842353,12.691091637349361,1.0089778900146484,560
