dataset,model,iteration,train_score,val_score,test_score,time,best_iter
housing,paramb,7,13.933277923204987,14.526262226217016,15.488558697631866,4.4159300327301025,315
