dataset,model,iteration,train_score,val_score,test_score,time,best_iter
housing,paramb,7,9.682484757350222,12.727606337805371,15.476391041594953,2.592024326324463,943
