dataset,model,iteration,train_score,val_score,test_score,time,best_iter
housing,paramb,7,9.466130136818128,13.707424550143854,13.133170976573135,4.2058000564575195,24604
