dataset,model,iteration,train_score,val_score,test_score,time,best_iter
housing,paramb,7,12.439507051404052,12.121554752098305,13.799846389764475,3.253887414932251,324
