dataset,model,iteration,train_score,val_score,test_score,time,best_iter
housing,paramb,7,13.739505410208254,13.482918239527836,14.384246595263178,4.205572128295898,149
