dataset,model,iteration,train_score,val_score,test_score,time,best_iter
housing,paramb,7,8.962777089647231,12.57418557690333,12.612385432009152,4.206175327301025,567
