dataset,model,iteration,train_score,val_score,test_score,time,best_iter
housing,paramb,7,13.924358875702834,13.851345636222327,17.257737132393242,4.417191028594971,393
