dataset,model,iteration,train_score,val_score,test_score,time,best_iter
housing,paramb,7,14.176949981003439,13.720780941273414,14.621268488167871,4.423752307891846,143
