dataset,model,iteration,train_score,val_score,test_score,time,best_iter
concrete,aplr,5,28.029710608761814,41.339573869863806,37.291561264094824,4.079306125640869,0
