dataset,model,iteration,train_score,val_score,test_score,time
concrete,linear_model,5,100.62333079042348,118.20002786874194,126.80476843396275,0.0010297298431396484
