dataset,model,iteration,train_score,val_score,test_score,time,best_iter
housing,paramb,9,7.126505496106407,7.834419403150812,15.438880226808022,3.3209118843078613,4118
