dataset,model,iteration,train_score,val_score,test_score,time,best_iter
housing,paramb,9,8.880644277845121,7.644703178134586,16.166111143827774,2.8669321537017822,3347
