dataset,model,iteration,train_score,val_score,test_score,time,best_iter
housing,paramb,9,8.218203153848615,7.047048224123712,16.59898293243433,4.2128801345825195,10519
