dataset,model,iteration,train_score,val_score,test_score,time,best_iter
housing,paramb,9,9.211250915549158,8.315192312941555,19.6706425048293,4.216259002685547,24996
