dataset,model,iteration,train_score,val_score,test_score,time,best_iter
housing,paramb,9,7.1577898073838515,8.901628447764855,15.223904300403131,1.158919095993042,455
