dataset,model,iteration,train_score,val_score,test_score,time,best_iter
housing,paramb,9,8.343931674983105,7.300592047308941,16.833668088593218,4.419961929321289,7659
