dataset,model,iteration,train_score,val_score,test_score,time,best_iter
housing,paramb,9,8.770195068968393,7.284219170194219,17.2563367318544,3.2571778297424316,6115
