dataset,model,iteration,train_score,val_score,test_score,time,best_iter
housing,paramb,9,7.3984195553292755,7.378712544259297,15.433415116664216,4.274127006530762,2187
