dataset,model,iteration,train_score,val_score,test_score,time,best_iter
housing,paramb,9,8.853066619565737,7.991529245780691,18.48543949675976,4.41997218132019,24967
