{"dropout": 0.4, "learning_rate": 0.008630278224178263, "weight_decay": 0.00015127959699044833}