dataset,model,iteration,train_score,val_score,test_score,time,best_iter
concrete,ebm,5,12.166302549539353,25.636841365383425,29.880043488819016,0.6012647151947021,0
