dataset,model,iteration,train_score,val_score,test_score,time,best_iter
energy,paramb,8,1.8691799919645693,2.0223267217556593,1.8839520574322217,4.256025791168213,24994
