dataset,model,iteration,train_score,val_score,test_score,time,best_iter
energy,paramb,8,1.0052007246689694,0.8743709824108995,1.4012731901720643,4.266999244689941,24976
