dataset,model,iteration,train_score,val_score,test_score,time,best_iter
energy,paramb,8,1.001125483680843,0.8727937959583044,1.4018821735808844,4.230879306793213,24989
