dataset,model,iteration,train_score,val_score,test_score,time,best_iter
energy,paramb,8,0.9835843871463691,0.7845738390418937,1.388497832130359,4.269243955612183,984
