dataset,model,iteration,train_score,val_score,test_score,time,best_iter
energy,paramb,8,2.9963625129000326,3.4154257838269317,2.6946968655468724,4.2378089427948,25000
