dataset,model,iteration,train_score,val_score,test_score,time,best_iter
energy,paramb,8,0.9940790443422847,0.7926907567946391,1.390539939480466,3.3160150051116943,1004
