dataset,model,iteration,train_score,val_score,test_score,time,best_iter
energy,paramb,8,1.9417278206886728,1.48413870175345,2.229746694062819,2.4048118591308594,949
