dataset,model,iteration,train_score,val_score,test_score,time,best_iter
energy,paramb,8,2.2621775361913388,2.3551733323176234,2.4197215973840662,3.3219826221466064,24996
