dataset,model,iteration,train_score,val_score,test_score,time
energy,linear_model,6,8.375672298837,7.596250843807275,9.905325499481211,0.0019919872283935547
