dataset,model,iteration,train_score,val_score,test_score,time
concrete,pymgcv,8,106.72136761376902,97.07386727974989,115.54565745175277,0.018500566482543945
