dataset,model,iteration,train_score,val_score,test_score,time,best_iter
housing,ebm,1,6.521910974979719,7.1654553596863915,13.021350235827017,0.3005082607269287,0
