{"dropout": 0.5, "learning_rate": 0.028958782290989197, "weight_decay": 0.0009167300469561736}