dataset,model,iteration,train_score,val_score,test_score,time,best_iter
power,paramb,4,16.894158864137086,16.477719708791305,18.220826471396318,3.937047004699707,24977
