dataset,model,iteration,train_score,val_score,test_score,time,best_iter
power,paramb,4,16.92915716651055,16.387949006604995,18.06764566244559,4.064619302749634,24995
