dataset,model,iteration,train_score,val_score,test_score,time,best_iter
power,paramb,4,16.877625610976075,16.328490755355165,18.07896597781474,5.355605602264404,24993
