dataset,model,iteration,train_score,val_score,test_score,time,best_iter
power,paramb,4,17.19687513972147,16.576029563060178,18.31497322543522,5.353450298309326,25000
