dataset,model,iteration,train_score,val_score,test_score,time,best_iter
power,paramb,4,16.861786167343645,16.280101962211145,18.080666134717266,5.345475435256958,25000
