dataset,model,iteration,train_score,val_score,test_score,time,best_iter
power,paramb,4,17.191433658956505,16.58413776794933,18.2437096740593,5.3741374015808105,24942
