dataset,model,iteration,train_score,val_score,test_score,time,best_iter
power,paramb,4,13.889975520644034,14.299534031644447,16.451638199738085,5.297263860702515,14499
