dataset,model,iteration,train_score,val_score,test_score,time,best_iter
power,paramb,4,18.240824974940143,17.23421643358117,19.41077297727591,3.082737922668457,4201
