dataset,model,iteration,train_score,val_score,test_score,time,best_iter
power,paramb,4,16.747269609307867,16.39076720996138,18.102457436245793,5.348166465759277,24929
