dataset,model,iteration,train_score,val_score,test_score,time,best_iter
power,paramb,4,17.28255500115487,16.69688673248855,18.445190101848695,5.380259275436401,24978
