dataset,model,iteration,train_score,val_score,test_score,time,best_iter
concrete,ebm,0,15.516377885403038,30.556388808584817,26.630552143739337,0.47946596145629883,0
