dataset,model,iteration,train_score,val_score,test_score,time,best_iter
housing,aplr,0,12.012525964002203,10.836776359371822,15.828011240656206,0.7846767902374268,0
