dataset,model,iteration,train_score,val_score,test_score,time,best_iter
housing,ebm,4,6.732187682094214,11.889538932938262,16.223588868121787,0.9654405117034912,0
