{"dropout": 0.4, "learning_rate": 0.06519314398131047, "weight_decay": 0.0006731623056768962}