dataset,model,iteration,train_score,val_score,test_score,time
energy,nam,9,7.876830030274315,8.36318349325088,8.059033951492628,0.4684569835662842
