dataset,model,iteration,train_score,val_score,test_score,time,best_iter
energy,paramb,4,2.1640045456393096,2.017482649563189,2.9592038824322007,3.323476552963257,25000
