dataset,model,iteration,train_score,val_score,test_score,time,best_iter
energy,paramb,4,2.3938671805799805,2.4870782388256334,3.0540374694499475,4.2766125202178955,25000
