dataset,model,iteration,train_score,val_score,test_score,time,best_iter
energy,paramb,4,1.0205964621179744,0.8423768592094292,1.3725985920249444,4.2450172901153564,25000
