dataset,model,iteration,train_score,val_score,test_score,time,best_iter
energy,paramb,4,1.9279617066029415,1.4892897530254168,2.2217256735538125,2.4055521488189697,3049
