dataset,model,iteration,train_score,val_score,test_score,time,best_iter
energy,paramb,4,0.988660911629024,0.7651938016414322,1.3047952678862798,0.7396559715270996,2029
