dataset,model,iteration,train_score,val_score,test_score,time,best_iter
energy,paramb,4,2.8715553156852223,3.1573070170397606,3.464931185321769,4.262280225753784,24999
