dataset,model,iteration,train_score,val_score,test_score,time,best_iter
energy,paramb,4,1.0277413101955275,0.8428859596336068,1.3834529647680134,4.271157741546631,25000
