dataset,model,iteration,train_score,val_score,test_score,time,best_iter
concrete,paramb,1,30.136699469496143,32.858402193777934,36.7388652036773,4.341231822967529,24998
