dataset,model,iteration,train_score,val_score,test_score,time,best_iter
concrete,paramb,1,29.316141657393967,35.543432915066326,34.86286210834288,3.313971519470215,24937
