dataset,model,iteration,train_score,val_score,test_score,time,best_iter
concrete,paramb,1,21.33537682174613,29.498961244271953,30.40133768877829,4.266169309616089,24847
