dataset,model,iteration,train_score,val_score,test_score,time,best_iter
concrete,paramb,1,26.49622230428294,28.660215148280336,32.30266686913046,4.332437515258789,24981
