dataset,model,iteration,train_score,val_score,test_score,time,best_iter
concrete,paramb,1,31.236691881653826,34.23302581039622,37.65681315999474,4.270638465881348,24995
