dataset,model,iteration,train_score,val_score,test_score,time,best_iter
concrete,paramb,1,28.272634672154858,33.033673362913675,35.300442410609236,2.821294069290161,4604
