dataset,model,iteration,train_score,val_score,test_score,time,best_iter
concrete,paramb,1,26.74178992299644,29.00806041639293,32.457493178288594,4.270039319992065,24993
