dataset,model,iteration,train_score,val_score,test_score,time,best_iter
concrete,paramb,1,33.93890304091912,37.412603456468375,42.614226681826125,4.346181869506836,4245
