dataset,model,iteration,train_score,val_score,test_score,time,best_iter
concrete,paramb,1,13.636345950166804,21.277227990537632,27.121885370736873,3.4158310890197754,10990
