dataset,model,iteration,train_score,val_score,test_score,time,best_iter
concrete,paramb,1,24.176557309463977,33.632754579349964,33.105288502067346,3.301819086074829,9580
