dataset,model,iteration,train_score,val_score,test_score,time,best_iter
concrete,ebm,4,12.679199956308222,33.95926529304521,24.731437573381157,1.417428970336914,0
