dataset,model,iteration,train_score,val_score,test_score,time,best_iter
concrete,ebm,6,14.072541182512198,21.041241194759497,24.355215803831847,1.0842962265014648,0
