{"dropout": 0.0, "learning_rate": 0.07792335324294278, "weight_decay": 0.0007511644834172803}