{"dropout": 0.3, "learning_rate": 0.01520375319662839, "weight_decay": 0.000870087987169603}