dataset,model,iteration,train_score,val_score,test_score,time
concrete,nam,0,44.349583586701016,43.96140449711517,50.40155644156424,0.5160329341888428
