{"dropout": 0.0, "learning_rate": 0.09672068972770867, "weight_decay": 0.0004993670873754948}