dataset,model,iteration,train_score,val_score,test_score,time
concrete,nbm,5,42.8711038461252,48.30806174867314,50.647706066362396,0.38227343559265137
