dataset,model,iteration,train_score,val_score,test_score,time
concrete,linear_model,2,107.5323483158496,126.05767966322296,98.95368443223269,0.0010242462158203125
