dataset,model,iteration,train_score,val_score,test_score,time,best_iter
housing,linear_model,0,20.815316578856322,27.103025160759344,23.371265851642388,0.0013494491577148438,0
