dataset,model,iteration,train_score,val_score,test_score,time,best_iter
housing,paramb,4,14.154803236747115,11.56434298664161,20.535979419773277,3.167964220046997,118
