dataset,model,iteration,train_score,val_score,test_score,time,best_iter
housing,paramb,4,8.364890259981765,18.136876547765056,14.307605761499769,3.2661542892456055,6741
