dataset,model,iteration,train_score,val_score,test_score,time,best_iter
housing,paramb,4,17.19486100626686,20.16475987509099,27.98552742961803,4.409895896911621,59
