dataset,model,iteration,train_score,val_score,test_score,time,best_iter
housing,paramb,4,13.734813161098371,14.272592863076062,20.742618122481918,1.3302514553070068,50
