dataset,model,iteration,train_score,val_score,test_score,time,best_iter
housing,paramb,4,8.600699297828262,17.93131766889245,14.44408276628818,4.412412166595459,23513
