dataset,model,iteration,train_score,val_score,test_score,time,best_iter
housing,paramb,4,10.471505896435579,15.448542950081395,15.733292806345665,3.326336145401001,162
