dataset,model,iteration,train_score,val_score,test_score,time,best_iter
housing,paramb,4,11.631522579003983,16.838608277772124,17.772536210493666,4.269238710403442,98
