dataset,model,iteration,train_score,val_score,test_score,time,best_iter
housing,paramb,4,8.190996108865574,17.201053316394866,14.593583077580398,4.405986070632935,5866
