dataset,model,iteration,train_score,val_score,test_score,time,best_iter
housing,paramb,4,8.588341991355728,18.05426045595442,14.059661138410162,4.207839727401733,24958
