{"dropout": 0.3, "learning_rate": 0.006364657944496904, "weight_decay": 0.0006787008263541827}