dataset,model,iteration,train_score,val_score,test_score,time,best_iter
energy,paramb,6,1.8487293515705099,2.2774101516342764,2.0594482416403674,4.279634475708008,24998
