dataset,model,iteration,train_score,val_score,test_score,time,best_iter
energy,paramb,6,1.883727850226361,2.332895802055087,2.091775833887091,4.265086650848389,24996
