dataset,model,iteration,train_score,val_score,test_score,time,best_iter
energy,paramb,6,3.670944082891384,4.69889062725012,3.56505904037287,4.254170656204224,24998
