dataset,model,iteration,train_score,val_score,test_score,time,best_iter
energy,paramb,6,1.8426257849322243,2.2057061115656937,2.1744545848100776,2.408581018447876,1480
