dataset,model,iteration,train_score,val_score,test_score,time,best_iter
energy,paramb,6,0.9724679058931811,1.1246873757489164,1.2386924613969719,3.326695680618286,24997
