dataset,model,iteration,train_score,val_score,test_score,time,best_iter
energy,paramb,6,0.9651701040476528,1.0791694416448012,1.2654308500891058,0.5893862247467041,1408
