dataset,model,iteration,train_score,val_score,test_score,time,best_iter
energy,paramb,6,0.9661562563714311,1.0810273182081978,1.2761070195258875,4.273985385894775,1364
