dataset,model,iteration,train_score,val_score,test_score,time
housing,pymgcv,2,22.11825415877849,35.30151269941141,16.17313736283046,0.015306949615478516
