dataset,model,iteration,train_score,val_score,test_score,time,best_iter
power,aplr,7,16.996088892882586,17.185566075250602,17.771439478725693,23.00828194618225,0
