{"dropout": 0.1, "learning_rate": 0.025148925269768092, "weight_decay": 2.278807812121978e-05}