{"dropout": 0.0, "learning_rate": 0.0866329513413814, "weight_decay": 0.00026142921925132676}