dataset,model,iteration,train_score,val_score,test_score,time,best_iter
energy,paramb,1,1.855957404691669,1.9007937820268244,2.2242043351783054,2.4024386405944824,3577
