dataset,model,iteration,train_score,val_score,test_score,time,best_iter
energy,paramb,1,3.1956255551482515,2.299630387261638,3.3859452641206635,3.329143524169922,24966
