dataset,model,iteration,train_score,val_score,test_score,time,best_iter
energy,paramb,1,0.9546321727470912,0.9388587453730046,1.3162928539036112,0.5786178112030029,1332
