dataset,model,iteration,train_score,val_score,test_score,time,best_iter
energy,paramb,1,0.948200534649757,0.9427780813826931,1.3456266815619282,3.3114683628082275,5039
