dataset,model,iteration,train_score,val_score,test_score,time,best_iter
energy,paramb,1,2.3015734110169097,2.032316495714918,2.304751618827806,4.287893533706665,24997
