dataset,model,iteration,train_score,val_score,test_score,time,best_iter
energy,paramb,1,2.1478842910544476,1.81496861317698,2.1349912817987637,4.276691436767578,24993
