dataset,model,iteration,train_score,val_score,test_score,time,best_iter
energy,paramb,1,1.0161332364240052,0.950576158280132,1.3409871588109312,4.2894792556762695,24996
