dataset,model,iteration,train_score,val_score,test_score,time,best_iter
energy,paramb,1,3.1454986232920943,2.8072397216024823,2.9503584347311347,4.282756328582764,25000
