dataset,model,iteration,train_score,val_score,test_score,time,best_iter
energy,paramb,1,1.0246470923106137,0.9671267135737266,1.351343459406334,4.2485597133636475,24970
