dataset,model,iteration,train_score,val_score,test_score,time,best_iter
energy,paramb,7,1.9065092660402683,1.8598403380151167,2.554717366776062,4.278698921203613,25000
