dataset,model,iteration,train_score,val_score,test_score,time,best_iter
energy,paramb,7,1.0184421141122197,0.6773066425828266,1.2714662571439566,4.269938945770264,24964
