dataset,model,iteration,train_score,val_score,test_score,time,best_iter
energy,paramb,7,1.030722615284269,0.689528012040118,1.2792665434346842,3.320678949356079,24995
