dataset,model,iteration,train_score,val_score,test_score,time,best_iter
energy,paramb,7,1.8852196396475756,1.8880404701901408,2.1825680913480907,2.408643960952759,2515
