dataset,model,iteration,train_score,val_score,test_score,time,best_iter
energy,paramb,7,1.02806169664806,0.6911321396519785,1.2756880920138849,4.237293481826782,24987
