dataset,model,iteration,train_score,val_score,test_score,time,best_iter
energy,paramb,7,1.9166154345459283,1.8940548641240043,2.568839940799805,4.254239797592163,24994
