dataset,model,iteration,train_score,val_score,test_score,time,best_iter
energy,paramb,7,1.0167660362520758,0.6773081294905122,1.276103925655963,1.4717662334442139,5177
