dataset,model,iteration,train_score,val_score,test_score,time,best_iter
energy,paramb,7,1.0169447300915564,0.6770463700545709,1.2760910052038577,4.2693932056427,3423
