dataset,model,iteration,train_score,val_score,test_score,time,best_iter
energy,paramb,7,1.0178375491044718,0.6770710118521664,1.2781293349286256,3.311467170715332,2669
