dataset,model,iteration,train_score,val_score,test_score,time,best_iter
energy,paramb,7,3.49351252750536,4.068913996718374,4.398826814052188,4.254947185516357,24983
