dataset,model,iteration,train_score,val_score,test_score,time
concrete,linear_model,7,109.04373252426244,95.82430583008127,108.67240204205879,0.0020232200622558594
