dataset,model,iteration,train_score,val_score,test_score,time,best_iter
energy,paramb,3,1.0438152313102946,0.9018368593534398,1.1135458497710922,3.3126049041748047,1353
