dataset,model,iteration,train_score,val_score,test_score,time,best_iter
energy,paramb,3,1.9515331486768595,1.7445184488214522,2.0390270891547724,2.405848264694214,1370
