dataset,model,iteration,train_score,val_score,test_score,time,best_iter
energy,paramb,3,3.3622578707521926,3.5437681130185963,3.2769108376083262,3.3218274116516113,24994
