dataset,model,iteration,train_score,val_score,test_score,time,best_iter
energy,paramb,3,2.213719837340105,2.0275020927117424,2.242567262986615,4.270196914672852,24997
