dataset,model,iteration,train_score,val_score,test_score,time,best_iter
energy,paramb,3,1.9522706830477383,1.7845592063296436,2.038552690995942,4.264952182769775,24990
