dataset,model,iteration,train_score,val_score,test_score,time,best_iter
energy,paramb,3,3.0027140457436072,2.823185675190021,3.0504339740411193,4.261204957962036,24998
