dataset,model,iteration,train_score,val_score,test_score,time,best_iter
energy,paramb,3,1.0780961960032915,0.960507769518955,1.1365168962016095,4.244634389877319,24977
