dataset,model,iteration,train_score,val_score,test_score,time,best_iter
energy,paramb,3,1.0507134146682156,0.8928553504499273,1.0950903429173422,4.265093564987183,993
