dataset,model,iteration,train_score,val_score,test_score,time,best_iter
energy,paramb,3,1.068338680421623,0.8961631030462778,1.1135070313490654,0.45276927947998047,806
