{"dropout": 0.0, "learning_rate": 0.09801515851891342, "weight_decay": 0.0005497130044149647}