dataset,model,iteration,train_score,val_score,test_score,time
energy,nbm,9,12.24015352901857,12.914547753332261,15.499691597601668,0.3156590461730957
