dataset,model,iteration,train_score,val_score,test_score,time,best_iter
concrete,ebm,7,12.983638378147367,14.844775340710433,30.78992438101224,0.7224512100219727,0
