dataset,model,iteration,train_score,val_score,test_score,time
energy,pymgcv,6,8.299338969281296,7.822204574451433,9.874570172068436,0.013008356094360352
