dataset,model,iteration,train_score,val_score,test_score,time,best_iter
concrete,aplr,3,31.345461220438754,30.520488327429028,38.86002719017576,5.077016592025757,0
