dataset,model,iteration,train_score,val_score,test_score,time,best_iter
housing,paramb,3,12.23529763986829,12.526848763471712,14.067093460685511,4.417597055435181,810
