dataset,model,iteration,train_score,val_score,test_score,time,best_iter
housing,paramb,3,12.667123007243395,12.480237252385415,12.694493531521001,4.195751190185547,302
