dataset,model,iteration,train_score,val_score,test_score,time,best_iter
housing,paramb,3,10.045557911495445,12.330087464416227,11.921383496538352,4.1988561153411865,14490
