dataset,model,iteration,train_score,val_score,test_score,time,best_iter
housing,paramb,3,12.16539314955813,12.807577837942254,12.357954887392266,4.414897918701172,387
