dataset,model,iteration,train_score,val_score,test_score,time,best_iter
housing,paramb,3,9.966270878188446,11.314705127660947,9.868625183469254,3.314195156097412,308
