dataset,model,iteration,train_score,val_score,test_score,time,best_iter
housing,paramb,3,11.670073709087827,11.861558414144232,11.50556444353657,2.6996309757232666,346
