dataset,model,iteration,train_score,val_score,test_score,time,best_iter
housing,paramb,3,9.400957169296682,12.226329171765578,9.333251659691161,0.8847296237945557,230
