dataset,model,iteration,train_score,val_score,test_score,time,best_iter
housing,paramb,3,10.962697462531741,10.400160828488001,10.183701533042216,4.259003162384033,177
