dataset,model,iteration,train_score,val_score,test_score,time,best_iter
housing,paramb,3,15.848965231969164,12.332648827711376,13.380337617817665,4.412281513214111,225
