{"dropout": 0.4, "learning_rate": 0.06660389821216722, "weight_decay": 0.0004777739517116446}