dataset,model,iteration,train_score,val_score,test_score,time,best_iter
housing,ebm,0,8.452616113336653,11.505923582454924,14.454110855379634,0.14948296546936035,0
