{"dropout": 0.1, "learning_rate": 0.04152392728740702, "weight_decay": 5.958303550878483e-05}