dataset,model,iteration,train_score,val_score,test_score,time
energy,linear_model,1,9.14584611631244,5.469443959611049,10.037237588451472,0.0010232925415039062
