{"dropout": 0.1, "learning_rate": 0.025838656384566606, "weight_decay": 0.0003020520194583732}