{"dropout": 0.3, "learning_rate": 0.032942746642939315, "weight_decay": 0.0006709576370436052}