dataset,model,iteration,train_score,val_score,test_score,time,best_iter
lpmc,pymgcv,0,1.353740771166109,1.3317085719890935,1.3440559024173342,11.891470670700073,0
