dataset,model,iteration,train_score,val_score,test_score,time,best_iter
power,paramb,5,17.500542851198848,16.82386719547695,17.17779213572138,5.342695951461792,23728
