dataset,model,iteration,train_score,val_score,test_score,time,best_iter
power,paramb,5,17.17435912774421,16.543831463398078,16.90594582487422,5.3508782386779785,24999
