dataset,model,iteration,train_score,val_score,test_score,time,best_iter
power,paramb,5,18.446871601558026,17.918787218263276,18.369645357235452,3.076493263244629,2404
