dataset,model,iteration,train_score,val_score,test_score,time,best_iter
power,paramb,5,17.055693542395957,16.608492943529342,16.95570405296793,5.3384435176849365,24989
