dataset,model,iteration,train_score,val_score,test_score,time,best_iter
power,paramb,5,17.170019719600926,16.80553529568675,17.04162221533077,4.103767395019531,24994
