dataset,model,iteration,train_score,val_score,test_score,time,best_iter
power,paramb,5,14.188528807681879,14.068627518288945,14.945148067446501,5.737670183181763,15695
