dataset,model,iteration,train_score,val_score,test_score,time,best_iter
power,paramb,5,17.611711532613555,16.887406077169764,17.372532883377026,5.384731769561768,21086
