dataset,model,iteration,train_score,val_score,test_score,time,best_iter
power,paramb,5,17.238047888462486,16.614570041615345,17.0063798536096,3.9286279678344727,18714
