dataset,model,iteration,train_score,val_score,test_score,time,best_iter
power,paramb,5,17.48534033431837,16.797648206838105,17.174340228707916,5.390435695648193,24280
