dataset,model,iteration,train_score,val_score,test_score,time,best_iter
power,paramb,5,17.15489315238966,16.52849267469005,16.892656496599766,5.337078332901001,24963
