dataset,model,iteration,train_score,val_score,test_score,time
power,linear_model,3,20.7198679748781,21.730005803903545,20.461340379377432,0.0009980201721191406
