dataset,model,iteration,train_score,val_score,test_score,time,best_iter
power,paramb,1,16.79045180649865,16.576743159264115,18.497118817070486,3.963902235031128,24977
