dataset,model,iteration,train_score,val_score,test_score,time,best_iter
power,paramb,1,16.76230824683297,16.597571949489343,18.61524418753502,5.361311912536621,24990
