dataset,model,iteration,train_score,val_score,test_score,time,best_iter
power,paramb,1,16.749109628760174,16.564308429905907,18.431443925141274,5.36399507522583,24979
