dataset,model,iteration,train_score,val_score,test_score,time,best_iter
power,paramb,1,17.07036072414992,16.83598332596602,18.64816363378788,5.373841762542725,24988
