dataset,model,iteration,train_score,val_score,test_score,time,best_iter
power,paramb,1,17.08823669702562,16.811106039025198,18.685934570196427,5.386770725250244,25000
