dataset,model,iteration,train_score,val_score,test_score,time,best_iter
power,paramb,1,14.47697142962882,14.858825030841567,16.985154996852195,4.446714162826538,11752
