dataset,model,iteration,train_score,val_score,test_score,time,best_iter
power,paramb,1,18.090807492527656,17.849129733584174,19.592078027848515,3.075421094894409,5369
