{"dropout": 0.5, "learning_rate": 0.06113812615198857, "weight_decay": 0.0007272608476332164}