dataset,model,iteration,train_score,val_score,test_score,time
energy,linear_model,0,8.710325561702986,10.390833352015441,7.146312063736757,0.0019762516021728516
