{"dropout": 0.0, "learning_rate": 0.09585161603148282, "weight_decay": 0.0009196723493758606}