dataset,model,iteration,train_score,val_score,test_score,time
housing,nam,5,15.428504832383277,8.340158723718757,12.483705139578372,0.4136815071105957
