dataset,model,iteration,train_score,val_score,test_score,time
concrete,linear_model,9,110.55196835813818,100.34659515004644,99.97363218934018,0.0010304450988769531
