{"dropout": 0.4, "learning_rate": 0.004488228017301232, "weight_decay": 0.0007093597807483141}