{"dropout": 0.0, "learning_rate": 0.018529005931099487, "weight_decay": 0.0005133765669168385}