{"dropout": 0.3, "learning_rate": 0.06335090717270438, "weight_decay": 0.0009220650427084669}