dataset,model,iteration,train_score,val_score,test_score,time,best_iter
energy,paramb,5,1.8413530063379502,2.6294880414056454,1.9957035257117792,2.8607492446899414,3160
