dataset,model,iteration,train_score,val_score,test_score,time,best_iter
energy,paramb,5,0.977402063249424,1.4623477620039933,1.0522559802033513,4.426128387451172,6260
