dataset,model,iteration,train_score,val_score,test_score,time,best_iter
energy,paramb,5,3.5868342862638336,4.786691063955232,3.9141964701810084,4.258897304534912,24999
