dataset,model,iteration,train_score,val_score,test_score,time,best_iter
energy,paramb,5,1.8611076014745551,2.7233653641874165,2.105392008359594,4.27484917640686,24998
