dataset,model,iteration,train_score,val_score,test_score,time,best_iter
energy,paramb,5,1.89025018275305,2.7687357777486747,2.146035772895228,4.2592689990997314,25000
