dataset,model,iteration,train_score,val_score,test_score,time,best_iter
energy,paramb,5,0.9933181848951304,1.4764043959503463,1.0449246593229455,3.3216044902801514,24995
