dataset,model,iteration,train_score,val_score,test_score,time,best_iter
energy,paramb,5,0.9773914839290827,1.4631175822644478,1.0534252061170506,1.4453353881835938,5067
