dataset,model,iteration,train_score,val_score,test_score,time,best_iter
energy,paramb,5,0.9789461996904858,1.461633061355754,1.0457348910785653,4.270841836929321,24456
