dataset,model,iteration,train_score,val_score,test_score,time,best_iter
energy,paramb,5,0.9773953548519654,1.4627924207344114,1.0523083223701972,3.4682672023773193,6669
