dataset,model,iteration,train_score,val_score,test_score,time,best_iter
concrete,ebm,3,16.78107582468625,23.6548059780212,33.94046821623367,0.2176990509033203,0
