dataset,model,iteration,train_score,val_score,test_score,time,best_iter
concrete,paramb,8,36.304036012844676,32.31947524843042,34.1269337832415,4.34909987449646,7053
