dataset,model,iteration,train_score,val_score,test_score,time,best_iter
concrete,paramb,8,23.42423800072814,28.99523281163941,26.329439174016777,3.378117799758911,24929
