dataset,model,iteration,train_score,val_score,test_score,time,best_iter
concrete,paramb,8,28.91627878767543,35.023690693243985,34.15088524238977,2.9837934970855713,12269
