dataset,model,iteration,train_score,val_score,test_score,time,best_iter
concrete,paramb,8,36.77836688677687,30.66410692688189,34.483907058026745,4.353760242462158,5378
