dataset,model,iteration,train_score,val_score,test_score,time,best_iter
concrete,paramb,8,22.333303240004476,26.870284713701572,25.701101682569654,4.342036962509155,24994
