dataset,model,iteration,train_score,val_score,test_score,time,best_iter
concrete,paramb,8,26.941953873631967,28.765134562726992,27.29422081788372,4.348910570144653,24909
