dataset,model,iteration,train_score,val_score,test_score,time,best_iter
concrete,paramb,8,17.369712638247602,26.719302163176675,25.5441729422273,1.7397596836090088,3784
