dataset,model,iteration,train_score,val_score,test_score,time,best_iter
concrete,paramb,8,29.893382428619233,33.3479760239186,29.71967943465308,3.316462755203247,25000
