dataset,model,iteration,train_score,val_score,test_score,time,best_iter
concrete,paramb,8,27.510230513048178,29.790474662722772,28.34916993898652,4.2738542556762695,24990
