dataset,model,iteration,train_score,val_score,test_score,time,best_iter
concrete,paramb,8,32.92163653151352,30.42050729250195,32.3415425060989,4.266684055328369,24984
