{"dropout": 0.0, "learning_rate": 0.008318893119629531, "weight_decay": 0.0008890726874717633}