dataset,model,iteration,train_score,val_score,test_score,time,best_iter
fraud,paramb,0,0.003303629433649065,0.0029058100442986624,0.0031510772899885904,112.6748571395874,1
