dataset,model,iteration,train_score,val_score,test_score,time
energy,pymgcv,7,8.102143031223346,7.457304499216296,10.782607510649482,0.012863874435424805
