dataset,model,iteration,train_score,val_score,test_score,time
energy,pymgcv,0,8.671537835742248,10.520157127976459,7.183215107210614,0.01620960235595703
