{"dropout": 0.4, "learning_rate": 0.008239957872454007, "weight_decay": 0.0005549912935911054}