dataset,model,iteration,train_score,val_score,test_score,time,best_iter
power,paramb,2,17.44996598854259,16.00381539729981,17.021511269269933,4.100975513458252,24986
