dataset,model,iteration,train_score,val_score,test_score,time,best_iter
power,paramb,2,18.612703926913476,16.958397931130374,18.176704612231102,2.9462780952453613,2446
