dataset,model,iteration,train_score,val_score,test_score,time,best_iter
power,paramb,2,17.699182189509337,16.017610459527837,16.845063264149317,5.370701313018799,24975
