dataset,model,iteration,train_score,val_score,test_score,time,best_iter
power,paramb,2,17.36394765544318,15.804153910036428,16.635026430324498,5.335627794265747,24989
