dataset,model,iteration,train_score,val_score,test_score,time,best_iter
power,paramb,2,17.419116786181714,15.863883151297818,16.717259188443023,4.087809085845947,25000
