dataset,model,iteration,train_score,val_score,test_score,time,best_iter
power,paramb,2,14.756437192657176,14.05787944323923,14.930759169581115,5.979260206222534,16870
