dataset,model,iteration,train_score,val_score,test_score,time,best_iter
power,paramb,2,17.813876226933882,16.083728594827516,16.932732573904186,5.3816962242126465,24915
