dataset,model,iteration,train_score,val_score,test_score,time,best_iter
power,paramb,2,17.697724614611282,16.038851945705172,16.831466356658577,5.34472131729126,24988
