dataset,model,iteration,train_score,val_score,test_score,time,best_iter
power,paramb,2,17.330128510468132,15.94179151683339,16.88953719206607,5.337266683578491,24976
