dataset,model,iteration,train_score,val_score,test_score,time,best_iter
power,aplr,6,17.159208762872783,18.479380593679092,17.01250736168187,20.256189823150635,0
