{"dropout": 0.1, "learning_rate": 0.08680880478468515, "weight_decay": 7.364839321881628e-05}