dataset,model,iteration,train_score,val_score,test_score,time
power,nam,9,19.574977982328154,19.834704754469158,20.580121033995226,0.5878109931945801
