{"dropout": 0.2, "learning_rate": 0.0718154267204303, "weight_decay": 0.0009883281691817436}