dataset,model,iteration,train_score,val_score,test_score,time
concrete,nbm,1,48.89731846907798,40.45089719322237,53.78660701238859,0.5038847923278809
