dataset,model,iteration,train_score,val_score,test_score,time,best_iter
power,ebm,5,12.340932554757215,12.907585935066567,13.658625555288479,3.579500913619995,0
