dataset,model,iteration,train_score,val_score,test_score,time,best_iter
concrete,paramb,5,29.64664813302623,44.067900743380825,36.24811170353343,4.277464151382446,24971
