dataset,model,iteration,train_score,val_score,test_score,time,best_iter
concrete,paramb,5,28.152410593352354,43.96883759735917,36.90634893258375,4.353295564651489,24987
