dataset,model,iteration,train_score,val_score,test_score,time,best_iter
concrete,paramb,5,30.28533472483628,44.73445520568623,37.89486003161241,4.3450353145599365,24997
