dataset,model,iteration,train_score,val_score,test_score,time,best_iter
concrete,paramb,5,28.40165825299051,41.398540449465955,37.11940772694105,3.317995309829712,20987
