dataset,model,iteration,train_score,val_score,test_score,time,best_iter
concrete,paramb,5,19.1521178429067,32.987538037253536,32.06441160159025,4.342424392700195,24056
