dataset,model,iteration,train_score,val_score,test_score,time,best_iter
concrete,paramb,5,25.71851435683021,34.06338578011264,36.09761364307981,2.997856616973877,5901
