dataset,model,iteration,train_score,val_score,test_score,time,best_iter
concrete,paramb,5,22.35055999028253,34.008759492575095,33.21866618769275,3.3753774166107178,7323
