dataset,model,iteration,train_score,val_score,test_score,time,best_iter
concrete,paramb,5,23.472846359828782,39.61256978879656,33.554581934958144,4.349427223205566,24957
