dataset,model,iteration,train_score,val_score,test_score,time,best_iter
concrete,paramb,5,14.334865373328753,31.848110768361014,28.16925375639364,2.227367877960205,5438
