dataset,model,iteration,train_score,val_score,test_score,time,best_iter
concrete,paramb,5,24.519433442699505,38.875753441831215,33.84617888249023,4.268040657043457,24611
