dataset,model,iteration,train_score,val_score,test_score,time,best_iter
power,ebm,8,10.722007976598086,11.214790085834009,14.017778741169693,5.6562299728393555,0
