dataset,model,iteration,train_score,val_score,test_score,time,best_iter
energy,aplr,5,0.9062630071229698,1.3479713687548538,0.9790873853226602,1.0132606029510498,0
