dataset,model,iteration,train_score,val_score,test_score,time,best_iter
power,paramb,0,17.538701073718375,20.73880794523754,19.472283138702316,9.408578157424927,897
