dataset,model,iteration,train_score,val_score,test_score,time,best_iter
power,paramb,0,16.297679456170943,19.480301947938585,18.552367657710004,8.407209873199463,24974
