dataset,model,iteration,train_score,val_score,test_score,time,best_iter
power,paramb,0,16.39505014921972,19.531548973420602,18.694996765250185,6.9302709102630615,24991
