dataset,model,iteration,train_score,val_score,test_score,time,best_iter
power,paramb,0,13.19976219766947,17.234754567664304,16.144034319597285,19.111745834350586,17549
