dataset,model,iteration,train_score,val_score,test_score,time,best_iter
power,paramb,0,16.471574722829743,19.11722087887676,18.349760185557894,5.923779726028442,24786
