dataset,model,iteration,train_score,val_score,test_score,time,best_iter
power,paramb,0,16.759124448972187,19.281476750358276,18.632878386349265,7.203218460083008,23857
