dataset,model,iteration,train_score,val_score,test_score,time,best_iter
power,paramb,0,16.38316767864232,19.23094793371978,18.315947824991724,7.550276517868042,24970
