dataset,model,iteration,train_score,val_score,test_score,time,best_iter
power,paramb,0,16.408959496833027,19.200841158973983,18.300727998506407,7.222330570220947,24995
