dataset,model,iteration,train_score,val_score,test_score,time,best_iter
power,paramb,0,16.83730156524355,19.288945096618967,18.751557585403727,7.61290431022644,24966
