{"dropout": 0.4, "learning_rate": 0.012117421609484737, "weight_decay": 0.0009182466282715877}