dataset,model,iteration,train_score,val_score,test_score,time
concrete,nbm,2,39.2774017284101,46.998750577246796,41.415220691344885,0.6345715522766113
