dataset,model,iteration,train_score,val_score,test_score,time,best_iter
housing,paramb,0,9.401663772099301,11.203942664343572,12.961713953701954,7.80378794670105,909
