dataset,model,iteration,train_score,val_score,test_score,time,best_iter
housing,paramb,0,12.595839949552252,12.412885533965916,14.003223590177353,6.600259065628052,383
