dataset,model,iteration,train_score,val_score,test_score,time,best_iter
housing,paramb,0,14.034002026250054,13.79482385831153,16.768433328433424,6.275131464004517,377
