dataset,model,iteration,train_score,val_score,test_score,time,best_iter
housing,paramb,0,14.654190369530923,13.207945916152875,19.022785100743086,6.642798900604248,261
