dataset,model,iteration,train_score,val_score,test_score,time,best_iter
housing,paramb,0,12.297418893352821,12.52803782250043,13.630355972064663,6.5815348625183105,464
