dataset,model,iteration,train_score,val_score,test_score,time,best_iter
housing,paramb,0,10.17450988425318,9.968021931160457,14.272416359363433,5.21123480796814,7995
