dataset,model,iteration,train_score,val_score,test_score,time,best_iter
housing,paramb,0,8.74715056553418,11.777449787853092,15.05736126134126,9.047470808029175,9585
