dataset,model,iteration,train_score,val_score,test_score,time,best_iter
housing,paramb,0,7.150671702485849,11.485448200938313,13.029222963968996,12.40764832496643,490
