dataset,model,iteration,train_score,val_score,test_score,time,best_iter
housing,paramb,0,7.3380126498598495,10.6513793540251,11.607052712595753,6.524081468582153,24999
