dataset,model,iteration,train_score,val_score,test_score,time,best_iter
housing,paramb,0,15.153477875056874,14.072478461302381,17.86651983481294,6.598141670227051,251
