dataset,model,iteration,train_score,val_score,test_score,time
energy,linear_model,4,8.286061468489779,8.486830900756022,10.19741496697902,0.001993894577026367
