dataset,model,iteration,train_score,val_score,test_score,time,best_iter
housing,ebm,9,9.532044503978774,7.299133288850626,16.157390692594447,0.12894797325134277,0
