dataset,model,iteration,train_score,val_score,test_score,time
energy,pymgcv,4,8.15290197635708,8.511530088372188,10.148540291203933,0.01270747184753418
