dataset,model,iteration,train_score,val_score,test_score,time,best_iter
power,ebm,0,10.474178435989897,15.31270137032278,14.241902696527069,4.833857774734497,0
