{"dropout": 0.0, "learning_rate": 0.08955780741439372, "weight_decay": 0.0005918224071242196}