dataset,model,iteration,train_score,val_score,test_score,time,best_iter
energy,aplr,7,0.9325632236670373,0.6544285208700337,1.2351396987165149,0.7423751354217529,0
