{"dropout": 0.0, "learning_rate": 0.03802933010627674, "weight_decay": 0.0008569470788380946}