{"dropout": 0.4, "learning_rate": 0.04656223569202998, "weight_decay": 0.0006933522602555499}