{"dropout": 0.3, "learning_rate": 0.08933092947028214, "weight_decay": 5.840592053287395e-05}