dataset,model,iteration,train_score,val_score,test_score,time,best_iter
concrete,ebm,9,15.270238177682607,18.094522478793415,30.1362861621191,0.4700491428375244,0
