{"dropout": 0.5, "learning_rate": 0.09495625069504002, "weight_decay": 0.0009346781836228348}