dataset,model,iteration,train_score,val_score,test_score,time,best_iter
housing,paramb,8,5.185734234498664,5.895589234483104,18.007993061883468,1.0691170692443848,1280
