dataset,model,iteration,train_score,val_score,test_score,time,best_iter
housing,paramb,8,9.060448099416128,9.095058524059453,16.281781698907704,4.218129634857178,24669
