dataset,model,iteration,train_score,val_score,test_score,time,best_iter
housing,paramb,8,8.690723739611842,6.365440391075875,18.86886202974658,4.4108970165252686,3706
