dataset,model,iteration,train_score,val_score,test_score,time,best_iter
housing,paramb,8,5.8883503489512465,6.180716203179857,20.61849854617776,4.205178260803223,12450
