dataset,model,iteration,train_score,val_score,test_score,time,best_iter
housing,paramb,8,8.970589589386954,9.163282818956263,16.308114968574166,4.410181283950806,24867
