dataset,model,iteration,train_score,val_score,test_score,time,best_iter
housing,paramb,8,8.45063026180447,6.025622633450942,18.32192215221766,3.254194974899292,7683
