dataset,model,iteration,train_score,val_score,test_score,time,best_iter
housing,paramb,8,5.83525029844739,6.7611854937191485,20.94043587683496,3.248812198638916,15273
