dataset,model,iteration,train_score,val_score,test_score,time,best_iter
housing,paramb,8,8.696242596048508,6.22676671412741,18.844980173136733,4.208605766296387,3997
