dataset,model,iteration,train_score,val_score,test_score,time,best_iter
housing,paramb,8,11.407388557179205,9.004766784536486,16.25861236148871,2.4911389350891113,355
