dataset,model,iteration,train_score,val_score,test_score,time,best_iter
housing,paramb,8,11.265958469210881,10.351436469045838,13.942093579819623,4.413356781005859,15424
