{"dropout": 0.0, "learning_rate": 0.06032998400306864, "weight_decay": 0.00030042518819944637}