dataset,model,iteration,train_score,val_score,test_score,time
power,nam,1,20.98915507080688,20.25427546343,22.244584265428887,1.2898790836334229
