{"dropout": 0.5, "learning_rate": 0.07421583685435572, "weight_decay": 0.0008528237848563403}