dataset,model,iteration,train_score,val_score,test_score,time
power,nbm,8,18.574309621232732,17.790004781158366,19.56503217620911,0.880424976348877
