dataset,model,iteration,train_score,val_score,test_score,time
concrete,pymgcv,2,107.20621916344982,130.95801333996795,99.63517157765983,0.015876293182373047
