dataset,model,iteration,train_score,val_score,test_score,time,best_iter
power,ebm,1,10.949775251587067,11.639029759661648,13.947512969379085,4.144097328186035,0
