{"dropout": 0.2, "learning_rate": 0.02897640623350977, "weight_decay": 0.0005825233091694234}