dataset,model,iteration,train_score,val_score,test_score,time,best_iter
msd,aplr,0,84.44678152273373,86.81400323093264,85.48785327832381,2133.7979567050934,0
