dataset,model,iteration,train_score,val_score,test_score,time
energy,linear_model,2,8.308905369936957,7.476696207439644,9.874808021096918,0.002027750015258789
