dataset,model,iteration,train_score,val_score,test_score,time
concrete,linear_model,0,104.8642163718638,105.52061269852005,117.51429097319912,0.0019919872283935547
