dataset,model,iteration,train_score,val_score,test_score,time
power,linear_model,8,20.444834350662255,21.025339637709106,21.78035964220118,0.0019998550415039062
