{"dropout": 0.4, "learning_rate": 0.03620745762151657, "weight_decay": 0.0006669456562565445}