dataset,model,iteration,train_score,val_score,test_score,time
energy,nbm,1,8.618811857902221,5.538781427968176,9.959521811809893,0.2753608226776123
