dataset,model,iteration,train_score,val_score,test_score,time
energy,pymgcv,3,8.892008797394036,6.699337227395274,8.281614844621666,0.01282048225402832
