{"dropout": 0.1, "learning_rate": 0.02333917864999685, "weight_decay": 0.0005041420510000514}