dataset,model,iteration,train_score,val_score,test_score,time
housing,nam,7,16.72123579411485,13.883585333000706,16.948103598684035,0.5531144142150879
