dataset,model,iteration,train_score,val_score,test_score,time,best_iter
housing,ebm,7,6.897143080307396,11.181092057035805,13.935037941520273,0.2819347381591797,0
