dataset,model,iteration,train_score,val_score,test_score,time,best_iter
concrete,ebm,2,16.70109004748108,31.527136974463616,30.255479608122716,0.20798802375793457,0
