{"dropout": 0.5, "learning_rate": 0.09952692419535203, "weight_decay": 0.0004961340297913585}