dataset,model,iteration,train_score,val_score,test_score,time
concrete,pymgcv,6,106.81463450978282,98.95665831075202,116.14878229231543,0.016402244567871094
