dataset,model,iteration,train_score,val_score,test_score,time,best_iter
har,paramb,0,0.006343898093288628,0.033020989614049645,0.030759374223754667,110.86843204498291,2800
