dataset,model,iteration,train_score,val_score,test_score,time,best_iter
har,paramb,0,0.006055140704527595,0.03377981164586204,0.03156664943853719,89.08315706253052,2968
