dataset,model,iteration,train_score,val_score,test_score,time,best_iter
har,paramb,0,0.013938443476223819,0.045830447125057946,0.03153657879529291,111.1587245464325,2684
