dataset,model,iteration,train_score,val_score,test_score,time,best_iter
har,paramb,0,0.004764383367071898,0.03422954772632147,0.029324445645792573,93.03111028671265,1094
