dataset,model,iteration,train_score,val_score,test_score,time,best_iter
har,paramb,0,0.003459646236320056,0.036473163133768076,0.02374942849308317,89.05987453460693,1782
