dataset,model,iteration,train_score,val_score,test_score,time,best_iter
har,paramb,0,0.009004663232595977,0.04240807672807409,0.03238096942028237,89.22610759735107,3466
