dataset,model,iteration,train_score,val_score,test_score,time,best_iter
har,paramb,0,0.005883867459417024,0.03396203825619736,0.02812897698579312,64.03269720077515,2888
