dataset,model,iteration,train_score,val_score,test_score,time,best_iter
har,paramb,0,0.009442460557105056,0.04333899606593179,0.030532346459679928,111.13503193855286,3188
