dataset,model,iteration,train_score,val_score,test_score,time,best_iter
har,paramb,0,0.003682791992120429,0.04284376955086715,0.024007878384124874,63.79995036125183,1752
