dataset,model,iteration,train_score,val_score,test_score,time,best_iter
har,paramb,0,0.00400470381586596,0.04898973359161818,0.02564105848615442,79.69279670715332,1775
