dataset,model,iteration,train_score,val_score,test_score,time,best_iter
housing,paramb,1,7.7891850460343095,9.012636222715205,14.91452039976282,4.421506404876709,24933
