dataset,model,iteration,train_score,val_score,test_score,time,best_iter
housing,paramb,1,7.877151143577025,9.234268231280154,14.35669353795549,4.204766750335693,24970
