dataset,model,iteration,train_score,val_score,test_score,time,best_iter
housing,paramb,1,12.531320475720719,9.089772621263942,17.13511435651791,4.413642406463623,2744
