dataset,model,iteration,train_score,val_score,test_score,time,best_iter
housing,paramb,1,11.747932555869294,10.350363992465464,14.835837024928068,4.31461763381958,102
