dataset,model,iteration,train_score,val_score,test_score,time,best_iter
housing,paramb,1,12.685366101501504,9.85221126011099,15.7205841030863,3.36972713470459,86
