dataset,model,iteration,train_score,val_score,test_score,time,best_iter
housing,paramb,1,14.566879059839204,9.951635362216662,15.196071880879629,3.454758644104004,88
