dataset,model,iteration,train_score,val_score,test_score,time,best_iter
housing,paramb,1,9.710263947937396,8.440176348064014,16.507253709703974,4.413076162338257,25000
