{"dropout": 0.3, "learning_rate": 0.08943319211025824, "weight_decay": 0.00033074723514177893}