dataset,model,iteration,train_score,val_score,test_score,time,best_iter
concrete,paramb,0,14.302017600505554,30.51045874080574,27.042300943713673,11.996683597564697,5781
