dataset,model,iteration,train_score,val_score,test_score,time,best_iter
concrete,paramb,0,24.019760433502558,37.215512924198904,38.11552934498163,8.020952224731445,23554
