dataset,model,iteration,train_score,val_score,test_score,time,best_iter
concrete,paramb,0,26.65646145378844,38.45712499352008,34.47198337134239,5.064398527145386,24884
