dataset,model,iteration,train_score,val_score,test_score,time,best_iter
concrete,paramb,0,31.265854351010134,39.863217105539945,36.94666709820032,6.501669883728027,24979
