dataset,model,iteration,train_score,val_score,test_score,time,best_iter
concrete,paramb,0,24.461532732332945,36.76875292324262,32.850145151468375,6.166693925857544,24995
