dataset,model,iteration,train_score,val_score,test_score,time,best_iter
concrete,paramb,0,24.05866528196219,35.40998431284737,32.27732435865814,6.445799350738525,24965
