dataset,model,iteration,train_score,val_score,test_score,time,best_iter
concrete,paramb,0,19.959119001571224,36.66021969432272,32.62237194920888,5.884982109069824,24987
