dataset,model,iteration,train_score,val_score,test_score,time,best_iter
concrete,paramb,0,19.135184812681214,34.25989904959785,31.955717560219874,7.138225555419922,24952
