dataset,model,iteration,train_score,val_score,test_score,time,best_iter
concrete,paramb,0,30.112657295619353,38.80559155763591,36.67051302705723,6.206407308578491,24841
