dataset,model,iteration,train_score,val_score,test_score,time
housing,pymgcv,7,22.135119009667445,28.613722035477952,18.43514000734709,0.015207767486572266
