{"dropout": 0.0, "learning_rate": 0.02299113619896655, "weight_decay": 0.0008450734244829027}