{"dropout": 0.1, "learning_rate": 0.004031523510107556, "weight_decay": 9.45392028956267e-05}