dataset,model,iteration,train_score,val_score,test_score,time
housing,nbm,1,17.012935696382996,13.762705500634121,15.271949701095528,0.6507036685943604
