dataset,model,iteration,train_score,val_score,test_score,time
energy,linear_model,5,8.192515438794024,10.817490037426085,8.738387539815573,0.0010297298431396484
