dataset,model,iteration,train_score,val_score,test_score,time
energy,linear_model,3,8.898074568459384,6.617860146382901,8.215699975267794,0.0010275840759277344
