dataset,model,iteration,train_score,val_score,test_score,time,best_iter
housing,paramb,6,8.580475051079413,13.249893382711818,12.612509575908419,4.270224094390869,1435
