dataset,model,iteration,train_score,val_score,test_score,time,best_iter
housing,paramb,6,8.443457139349055,15.755969879518464,9.701799849699261,0.8357071876525879,294
