dataset,model,iteration,train_score,val_score,test_score,time,best_iter
housing,paramb,6,9.935707262943584,15.935456768203158,10.942964602624146,3.2585983276367188,3468
