dataset,model,iteration,train_score,val_score,test_score,time,best_iter
housing,paramb,6,9.194704783428001,12.315343029380116,11.069193662447175,3.316145896911621,802
