dataset,model,iteration,train_score,val_score,test_score,time,best_iter
housing,paramb,6,9.627611156415943,14.965621050776695,12.086608905317885,4.419740676879883,23073
