dataset,model,iteration,train_score,val_score,test_score,time,best_iter
housing,paramb,6,9.842616146116795,16.546478468347665,11.26774690394784,4.418641090393066,2909
