dataset,model,iteration,train_score,val_score,test_score,time,best_iter
housing,paramb,6,10.099156230814366,14.232186886696045,12.61790368995913,4.208365440368652,24607
