dataset,model,iteration,train_score,val_score,test_score,time,best_iter
housing,paramb,6,10.276609330011276,15.817952793426258,9.992498070580627,2.5680744647979736,1134
