dataset,model,iteration,train_score,val_score,test_score,time,best_iter
housing,paramb,6,10.699915948300484,16.36305500547992,14.05149502048676,4.418094635009766,23975
