dataset,model,iteration,train_score,val_score,test_score,time,best_iter
housing,paramb,6,9.730599725948464,16.64626094769429,11.35244663177971,4.199350118637085,3518
