dataset,model,iteration,train_score,val_score,test_score,time
concrete,pymgcv,7,108.91935505315533,97.69893144336051,108.36952284103599,0.01640629768371582
