{"dropout": 0.4, "learning_rate": 0.0831040601021751, "weight_decay": 0.0009485608089770582}