dataset,model,iteration,train_score,val_score,test_score,time
housing,pymgcv,8,20.2467715963669,13.58363898177624,33.20143771984837,0.015113115310668945
