dataset,model,iteration,train_score,val_score,test_score,time,best_iter
housing,ebm,2,5.276026934288786,16.114005433230798,9.221528677798325,0.17091703414916992,0
