dataset,model,iteration,train_score,val_score,test_score,time
msd,linear_model,0,91.01290104154691,92.96337040945616,90.44204690422778,0.3081989288330078
