dataset,model,iteration,train_score,val_score,test_score,time,best_iter
energy,paramb,9,1.7860674940198213,1.9144647205642153,2.0122757356339025,4.273577451705933,24993
