dataset,model,iteration,train_score,val_score,test_score,time,best_iter
energy,paramb,9,1.7582297699184453,1.987027135781318,1.9609913536565498,4.257282257080078,24993
