dataset,model,iteration,train_score,val_score,test_score,time,best_iter
energy,paramb,9,1.0444137709915566,1.2482516804045847,1.3780590881594488,4.266910552978516,593
