dataset,model,iteration,train_score,val_score,test_score,time,best_iter
energy,paramb,9,1.0250942794177533,1.2595597196491655,1.3514410291619499,0.40883970260620117,622
