dataset,model,iteration,train_score,val_score,test_score,time,best_iter
energy,paramb,9,1.0179924955057955,1.2762146407917143,1.3276104527443104,4.27314019203186,10722
