dataset,model,iteration,train_score,val_score,test_score,time,best_iter
power,aplr,1,16.9026837781098,16.587929331211733,18.53545762877595,28.592955827713013,0
