{"dropout": 0.4, "learning_rate": 0.09962652748020477, "weight_decay": 0.00015091164337432646}