{"dropout": 0.4, "learning_rate": 0.08815136766738955, "weight_decay": 0.0005015267277550499}