dataset,model,iteration,train_score,val_score,test_score,time,best_iter
lpmc,paramb,0,0.6505379245598529,0.6537397598064761,0.6794714528045211,29.297065019607544,1280
