dataset,model,iteration,train_score,val_score,test_score,time,best_iter
lpmc,paramb,0,0.6431738225178724,0.6466297541153779,0.6714788005400123,45.023640632629395,5734
