dataset,model,iteration,train_score,val_score,test_score,time,best_iter
lpmc,paramb,0,0.6430163747393147,0.6468047717568516,0.6713656548041727,47.03238534927368,6150
