dataset,model,iteration,train_score,val_score,test_score,time,best_iter
lpmc,paramb,0,0.6363819385181905,0.649771114148438,0.6735911880882316,30.636343002319336,1241
