dataset,model,iteration,train_score,val_score,test_score,time,best_iter
lpmc,paramb,0,0.6425720853810303,0.6453312317439189,0.67156679836108,32.09624934196472,9039
