dataset,model,iteration,train_score,val_score,test_score,time,best_iter
lpmc,paramb,0,0.6449729071009445,0.6445360937018271,0.6721308618238181,44.673165798187256,14734
