dataset,model,iteration,train_score,val_score,test_score,time,best_iter
lpmc,paramb,0,0.64890080000264,0.6481591598710146,0.6735940141492448,47.42466688156128,18136
