dataset,model,iteration,train_score,val_score,test_score,time,best_iter
lpmc,paramb,0,0.6438500124447178,0.6494384117230094,0.6738476908746286,33.07313418388367,1571
