dataset,model,iteration,train_score,val_score,test_score,time,best_iter
lpmc,paramb,0,0.6454292406597034,0.645147698886311,0.6721878652850615,47.4861044883728,11906
