dataset,model,iteration,train_score,val_score,test_score,time,best_iter
lpmc,paramb,0,0.6447811175230598,0.6498926441001975,0.673640295258428,48.01487159729004,1356
