{"dropout": 0.0, "learning_rate": 0.073278538444494, "weight_decay": 0.0004935915937221511}