{"dropout": 0.0, "learning_rate": 0.05448726136673679, "weight_decay": 0.0006882144017142087}