dataset,model,iteration,train_score,val_score,test_score,time
concrete,nbm,7,40.2360098984784,35.596740990766776,42.0690298830621,0.6102554798126221
