{"dropout": 0.4, "learning_rate": 0.09239505115083342, "weight_decay": 2.743136633950837e-05}