{"dropout": 0.2, "learning_rate": 0.04590668438998938, "weight_decay": 0.0009862413085624197}