dataset,model,iteration,train_score,val_score,test_score,time
concrete,nam,2,48.108221411912545,60.71777870683252,49.540207644257634,0.34485793113708496
