dataset,model,iteration,train_score,val_score,test_score,time
energy,linear_model,9,8.31327372442142,8.898263900710935,9.276915201294088,0.0009961128234863281
