{"dropout": 0.2, "learning_rate": 0.02214465531439147, "weight_decay": 0.0005587604551964651}