{"dropout": 0.5, "learning_rate": 0.01860084579900137, "weight_decay": 0.0005430521862853525}