dataset,model,iteration,train_score,val_score,test_score,time,best_iter
concrete,paramb,2,22.38563043858843,39.1171552281458,31.87701672638524,4.2622504234313965,3420
