dataset,model,iteration,train_score,val_score,test_score,time,best_iter
concrete,paramb,2,26.94220583212988,42.32938265750545,35.16365468424459,3.3155457973480225,24999
