dataset,model,iteration,train_score,val_score,test_score,time,best_iter
concrete,paramb,2,25.271186203244532,37.73359165763434,35.75633518322052,3.2123191356658936,6914
