dataset,model,iteration,train_score,val_score,test_score,time,best_iter
concrete,paramb,2,24.952174283450663,39.87449522281472,32.673635527182874,4.275716304779053,24958
