dataset,model,iteration,train_score,val_score,test_score,time,best_iter
concrete,paramb,2,24.85990779084348,39.10959248200856,31.392460499685185,4.3358893394470215,20244
