dataset,model,iteration,train_score,val_score,test_score,time,best_iter
concrete,paramb,2,31.237484864726987,40.11013796838651,37.68435840460589,4.346228122711182,24992
