dataset,model,iteration,train_score,val_score,test_score,time,best_iter
concrete,paramb,2,29.21777951217006,39.25522621859593,36.00373972564906,4.345184564590454,24216
