dataset,model,iteration,train_score,val_score,test_score,time,best_iter
concrete,paramb,2,14.868287972321577,31.525260346261746,29.713275693877655,5.484373092651367,5297
