dataset,model,iteration,train_score,val_score,test_score,time,best_iter
concrete,paramb,2,30.351556284258457,39.33206568498997,35.82207038271873,4.272396564483643,21749
