{"dropout": 0.3, "learning_rate": 0.0587706980219511, "weight_decay": 0.00048119761832327463}