dataset,model,iteration,train_score,val_score,test_score,time
housing,linear_model,4,20.228181625020266,14.864112739535411,33.577058294760036,0.0010292530059814453
