{"dropout": 0.1, "learning_rate": 0.05369031912434371, "weight_decay": 0.0006914961281486827}