dataset,model,iteration,train_score,val_score,test_score,time
energy,nam,1,9.443403109539549,5.451163460446019,10.69859417013967,0.23356914520263672
