dataset,model,iteration,train_score,val_score,test_score,time
housing,pymgcv,0,20.697605837651007,28.917993967498415,23.702205983363232,0.019051551818847656
