dataset,model,iteration,train_score,val_score,test_score,time,best_iter
power,aplr,3,16.962216521053637,18.385634777038266,17.323836250361644,16.725541591644287,0
