dataset,model,iteration,train_score,val_score,test_score,time
concrete,linear_model,4,105.92958094009613,125.14656052629859,104.5660745260499,0.0010340213775634766
