{"dropout": 0.5, "learning_rate": 0.029482148725428398, "weight_decay": 6.602894987960803e-06}