dataset,model,iteration,train_score,val_score,test_score,time
concrete,nbm,3,41.94347703966111,31.68265550798705,58.087267442226505,0.4987351894378662
