{"dropout": 0.4, "learning_rate": 0.027014733987457636, "weight_decay": 0.00029900687679098264}