dataset,model,iteration,train_score,val_score,test_score,time,best_iter
power,aplr,0,16.782346947375437,19.23800147748847,18.627549772265475,28.46169686317444,0
