{"dropout": 0.0, "learning_rate": 0.022247552923271817, "weight_decay": 0.0004507122635867145}