{"dropout": 0.1, "learning_rate": 0.004621630253902464, "weight_decay": 0.0004967742476245077}