dataset,model,iteration,train_score,val_score,test_score,time
concrete,nbm,8,45.982660101787744,43.373911810914514,45.42914982103273,0.6309065818786621
