{"dropout": 0.0, "learning_rate": 0.05795339109276306, "weight_decay": 0.000660196452791324}