dataset,model,iteration,train_score,val_score,test_score,time
power,nbm,1,17.84746909263812,17.59427989968763,19.25498730266388,1.8130691051483154
