dataset,model,iteration,train_score,val_score,test_score,time,best_iter
power,paramb,8,17.224391379049663,16.36224626932325,18.37460802913638,5.349520206451416,24999
