dataset,model,iteration,train_score,val_score,test_score,time,best_iter
power,paramb,8,17.37002305725655,16.495306358681912,18.4132845190741,5.3747100830078125,24998
