dataset,model,iteration,train_score,val_score,test_score,time,best_iter
power,paramb,8,16.862273732380864,16.385498577084014,18.202715720649703,5.339733362197876,24998
