dataset,model,iteration,train_score,val_score,test_score,time,best_iter
power,paramb,8,16.897362913411083,16.1250652212348,18.07931632271984,5.35132622718811,24982
