dataset,model,iteration,train_score,val_score,test_score,time,best_iter
power,paramb,8,16.969272179761965,16.612591115435244,18.3167854123191,3.93552303314209,24976
