dataset,model,iteration,train_score,val_score,test_score,time,best_iter
power,paramb,8,16.95740112815904,16.249895847679834,18.083772143863506,4.031162977218628,25000
