dataset,model,iteration,train_score,val_score,test_score,time,best_iter
power,paramb,8,17.22612394337639,16.41114803100237,18.34758610883038,5.393513917922974,24937
