dataset,model,iteration,train_score,val_score,test_score,time,best_iter
power,paramb,8,18.09772538523927,17.654641874091965,19.684551787753506,2.956089735031128,10535
