dataset,model,iteration,train_score,val_score,test_score,time,best_iter
power,paramb,8,16.884141205435444,16.07255446849709,18.0722529790864,5.348165273666382,25000
