dataset,model,iteration,train_score,val_score,test_score,time,best_iter
power,ebm,4,10.22205308544123,12.22471164955941,13.856993844043593,5.897873401641846,0
