{"dropout": 0.4, "learning_rate": 0.0074039758740576415, "weight_decay": 0.0005379877444685027}