dataset,model,iteration,train_score,val_score,test_score,time
har,nam,0,0.022018790203053886,0.06866604809274601,0.061316725514625116,60.445045709609985
