{"dropout": 0.5, "learning_rate": 0.007293485418794646, "weight_decay": 0.0005885212069217943}