{"dropout": 0.1, "learning_rate": 0.055662788857971046, "weight_decay": 0.0007253552729861625}