dataset,model,iteration,train_score,val_score,test_score,time
power,nbm,0,18.802827345879415,20.640028383103804,20.446614029073604,1.0693700313568115
