dataset,model,iteration,train_score,val_score,test_score,time
housing,linear_model,8,20.317366271916775,12.499903653841226,33.34480469137756,0.0010292530059814453
