dataset,model,iteration,train_score,val_score,test_score,time,best_iter
concrete,paramb,3,27.324299569145975,31.078892233568478,38.33734175247901,3.312234878540039,24927
