dataset,model,iteration,train_score,val_score,test_score,time,best_iter
concrete,paramb,3,20.22242492368108,27.39042358286468,33.51260288163357,4.264634370803833,23397
