dataset,model,iteration,train_score,val_score,test_score,time,best_iter
concrete,paramb,3,28.374857940077458,29.25995969651934,38.87154641734264,3.032485008239746,1918
