dataset,model,iteration,train_score,val_score,test_score,time,best_iter
concrete,paramb,3,23.25165977584506,28.07860474733909,35.58160353821682,1.2269799709320068,807
