dataset,model,iteration,train_score,val_score,test_score,time,best_iter
concrete,paramb,3,29.402064558075804,33.438102775505165,39.99699661187631,4.351487636566162,24975
