dataset,model,iteration,train_score,val_score,test_score,time,best_iter
concrete,paramb,3,25.12455470381004,27.868611093647647,36.0544754764426,4.270174980163574,24902
