dataset,model,iteration,train_score,val_score,test_score,time,best_iter
concrete,paramb,3,29.56873924988497,33.72561873851766,40.22521737927194,4.27204155921936,24932
