dataset,model,iteration,train_score,val_score,test_score,time,best_iter
concrete,paramb,3,31.458134223076993,33.16081103352217,41.801578783980354,4.343137502670288,24988
