dataset,model,iteration,train_score,val_score,test_score,time,best_iter
concrete,paramb,3,24.48116790875833,28.218311312214812,36.64062059890879,3.3045012950897217,2087
