{"dropout": 0.4, "learning_rate": 0.03512237468006404, "weight_decay": 0.0004728102260612715}