{"dropout": 0.3, "learning_rate": 0.006282324556570449, "weight_decay": 0.00044986193780580764}