dataset,model,iteration,train_score,val_score,test_score,time,best_iter
concrete,aplr,0,28.14050139503694,38.076061167016526,33.25679555630235,3.4895944595336914,0
