{"dropout": 0.3, "learning_rate": 0.027666343747507267, "weight_decay": 0.0005187289954567797}