dataset,model,iteration,train_score,val_score,test_score,time,best_iter
housing,ebm,8,17.798674723027172,7.582611102765156,23.37435738013378,0.13005590438842773,0
