dataset,model,iteration,train_score,val_score,test_score,time
energy,pymgcv,9,8.263217102037979,9.219239074418645,9.130354920720299,0.012695074081420898
