dataset,model,iteration,train_score,val_score,test_score,time
power,linear_model,0,20.326267013965882,21.47026623347197,21.980731026107037,0.0009999275207519531
