{"dropout": 0.5, "learning_rate": 0.015720367255334343, "weight_decay": 0.0006792525403787989}