dataset,model,iteration,train_score,val_score,test_score,time
housing,nbm,0,13.827425487885371,13.58246829526486,19.09483533789122,0.6496407985687256
