dataset,model,iteration,train_score,val_score,test_score,time,best_iter
power,aplr,9,16.935767128384096,17.770685073836717,18.042310728125088,19.145227193832397,0
