{"dropout": 0.4, "learning_rate": 0.021840981935448714, "weight_decay": 0.0007595691647932844}