dataset,model,iteration,train_score,val_score,test_score,time
concrete,nbm,4,42.79734797805086,59.71684673692301,44.68053914634221,0.6727445125579834
